game_id,away,home,home_sp_id,home_sp_name,home_sp_src,away_sp_id,away_sp_name,away_sp_src,home_off_src,away_off_src,home_bp_src,away_bp_src,n_filled,filled_cols,game_date,home_win
822747,ATL,WSH,656492,?,statcast,625643,?,statcast,statcast,statcast,statcast,statcast,0,-,2026-04-21,1
822749,ATL,WSH,663623,?,statcast,693821,?,statcast,statcast,statcast,statcast,statcast,0,-,2026-04-20,0
822750,SF,WSH,676571,?,statcast,592662,?,statcast,statcast,statcast,statcast,statcast,0,-,2026-04-19,1
822751,SF,WSH,676917,?,statcast,605288,?,statcast,statcast,statcast,statcast,statcast,0,-,2026-04-18,0
822752,SF,WSH,641793,?,statcast,657277,?,statcast,statcast,statcast,statcast,statcast,0,-,2026-04-17,0
822753,STL,WSH,571945,?,statcast,700241,?,statcast,statcast,statcast,statcast,statcast,0,-,2026-04-08,0
822754,STL,WSH,676917,?,statcast,669461,?,statcast,statcast,statcast,statcast,statcast,0,-,2026-04-07,0
822755,STL,WSH,641793,?,season_2025,669467,?,season_2025,statcast,statcast,statcast,statcast,10,"sp_xera_gap,sp_xwoba_allowed_gap,sp_fip_gap,sp_siera_gap,sp_k_bb_pct_gap,sp_recent_form_gap,sp_hardhit_gap,sp_stamina_gap,home_sp_luck,away_sp_luck",2026-04-06,1
822756,LAD,WSH,656492,?,statcast,808963,?,statcast,statcast,statcast,statcast,statcast,0,-,2026-04-05,0
822757,LAD,WSH,663623,?,season_2025,607192,?,statcast,statcast,statcast,statcast,statcast,9,"sp_xera_gap,sp_xwoba_allowed_gap,sp_fip_gap,sp_siera_gap,sp_k_bb_pct_gap,sp_recent_form_gap,sp_hardhit_gap,sp_stamina_gap,home_sp_luck",2026-04-04,0
822758,LAD,WSH,571945,?,season_2025,686218,?,statcast,statcast,statcast,statcast,statcast,9,"sp_xera_gap,sp_xwoba_allowed_gap,sp_fip_gap,sp_siera_gap,sp_k_bb_pct_gap,sp_recent_form_gap,sp_hardhit_gap,sp_stamina_gap,home_sp_luck",2026-04-03,0
822828,MIN,TOR,453286,?,statcast,671737,?,statcast,statcast,statcast,statcast,statcast,0,-,2026-04-12,0
822829,MIN,TOR,571578,?,season_2025,680573,?,statcast,statcast,statcast,statcast,statcast,9,"sp_xera_gap,sp_xwoba_allowed_gap,sp_fip_gap,sp_siera_gap,sp_k_bb_pct_gap,sp_recent_form_gap,sp_hardhit_gap,sp_stamina_gap,home_sp_luck",2026-04-10,1
822830,MIN,TOR,641778,?,statcast,657746,?,statcast,statcast,statcast,statcast,statcast,0,-,2026-04-11,0
822831,LAD,TOR,592332,?,statcast,808967,?,statcast,statcast,statcast,statcast,statcast,0,-,2026-04-07,0
822832,LAD,TOR,453286,?,statcast,680736,?,statcast,statcast,statcast,statcast,statcast,0,-,2026-04-06,0
822833,LAD,TOR,656302,?,statcast,660271,?,statcast,statcast,statcast,statcast,statcast,0,-,2026-04-08,1
822834,COL,TOR,664074,?,league_prior,608372,?,season_2025,statcast,statcast,statcast,statcast,10,"sp_xera_gap,sp_xwoba_allowed_gap,sp_fip_gap,sp_siera_gap,sp_k_bb_pct_gap,sp_recent_form_gap,sp_hardhit_gap,sp_stamina_gap,home_sp_luck,away_sp_luck",2026-03-30,0
822835,COL,TOR,592332,?,statcast,607536,?,statcast,statcast,statcast,statcast,statcast,0,-,2026-04-01,0
822836,COL,TOR,453286,?,season_2025,663372,?,season_2025,statcast,statcast,statcast,statcast,10,"sp_xera_gap,sp_xwoba_allowed_gap,sp_fip_gap,sp_siera_gap,sp_k_bb_pct_gap,sp_recent_form_gap,sp_hardhit_gap,sp_stamina_gap,home_sp_luck,away_sp_luck",2026-03-31,1
822837,ATH,TOR,641778,?,season_2025,806960,?,season_2025,statcast,statcast,statcast,statcast,10,"sp_xera_gap,sp_xwoba_allowed_gap,sp_fip_gap,sp_siera_gap,sp_k_bb_pct_gap,sp_recent_form_gap,sp_hardhit_gap,sp_stamina_gap,home_sp_luck,away_sp_luck",2026-03-29,1
822838,ATH,TOR,656302,?,season_2025,605488,?,season_2025,statcast,statcast,season_2025,statcast,11,"sp_xera_gap,sp_xwoba_allowed_gap,sp_fip_gap,sp_siera_gap,sp_k_bb_pct_gap,sp_recent_form_gap,sp_hardhit_gap,sp_stamina_gap,bullpen_siera_gap,home_sp_luck,away_sp_luck",2026-03-28,1
822839,ATH,TOR,592332,?,season_2025,622663,?,season_2025,season_2025,season_2025,season_2025,season_2025,13,"sp_xera_gap,sp_xwoba_allowed_gap,sp_fip_gap,sp_siera_gap,sp_k_bb_pct_gap,sp_recent_form_gap,sp_hardhit_gap,sp_stamina_gap,team_wrcplus_gap,team_woba_gap,bullpen_siera_gap,home_sp_luck,away_sp_luck",2026-03-27,1
822914,PIT,TEX,677958,?,statcast,669387,?,statcast,statcast,statcast,statcast,statcast,0,-,2026-04-21,1
822915,SEA,TEX,669022,?,statcast,693433,?,statcast,statcast,statcast,statcast,statcast,0,-,2026-04-08,1
822916,SEA,TEX,543135,?,statcast,669923,?,statcast,statcast,statcast,statcast,statcast,0,-,2026-04-07,1
822917,CIN,TEX,683004,?,statcast,695505,?,statcast,statcast,statcast,statcast,statcast,0,-,2026-04-05,0
822918,SEA,TEX,594798,?,season_2025,669302,?,statcast,statcast,statcast,statcast,statcast,9,"sp_xera_gap,sp_xwoba_allowed_gap,sp_fip_gap,sp_siera_gap,sp_k_bb_pct_gap,sp_recent_form_gap,sp_hardhit_gap,sp_stamina_gap,home_sp_luck",2026-04-06,1
822919,CIN,TEX,669022,?,statcast,663903,?,statcast,statcast,statcast,statcast,statcast,0,-,2026-04-03,0
822920,CIN,TEX,677958,?,season_2025,695076,?,statcast,statcast,statcast,statcast,statcast,9,"sp_xera_gap,sp_xwoba_allowed_gap,sp_fip_gap,sp_siera_gap,sp_k_bb_pct_gap,sp_recent_form_gap,sp_hardhit_gap,sp_stamina_gap,home_sp_luck",2026-04-04,0
822994,CIN,TB,669947,?,statcast,695076,?,statcast,statcast,statcast,statcast,statcast,0,-,2026-04-20,0
822995,CIN,TB,571927,?,statcast,695505,?,statcast,statcast,statcast,statcast,statcast,0,-,2026-04-21,0
822996,NYY,TB,607259,?,statcast,608331,?,statcast,statcast,statcast,statcast,statcast,0,-,2026-04-11,1
822997,NYY,TB,571927,?,statcast,661563,?,season_2025,statcast,statcast,statcast,statcast,9,"sp_xera_gap,sp_xwoba_allowed_gap,sp_fip_gap,sp_siera_gap,sp_k_bb_pct_gap,sp_recent_form_gap,sp_hardhit_gap,sp_stamina_gap,away_sp_luck",2026-04-10,1
822998,NYY,TB,656876,?,statcast,693645,?,statcast,statcast,statcast,statcast,statcast,0,-,2026-04-12,1
822999,CHC,TB,669438,?,season_2025,665871,?,season_2025,statcast,statcast,statcast,statcast,10,"sp_xera_gap,sp_xwoba_allowed_gap,sp_fip_gap,sp_siera_gap,sp_k_bb_pct_gap,sp_recent_form_gap,sp_hardhit_gap,sp_stamina_gap,home_sp_luck,away_sp_luck",2026-04-07,0
823000,CHC,TB,671212,?,statcast,607067,?,statcast,statcast,statcast,statcast,statcast,0,-,2026-04-08,0
823002,CHC,TB,663556,?,statcast,592791,?,statcast,statcast,statcast,statcast,statcast,0,-,2026-04-06,1
823071,CLE,STL,669160,?,statcast,677944,?,statcast,statcast,statcast,statcast,statcast,0,-,2026-04-15,1
823072,CLE,STL,700241,?,statcast,676282,?,statcast,statcast,statcast,statcast,statcast,0,-,2026-04-14,1
823073,CLE,STL,669461,?,statcast,668909,?,statcast,statcast,statcast,statcast,statcast,0,-,2026-04-13,0
823074,BOS,STL,681517,?,statcast,624133,?,statcast,statcast,statcast,statcast,statcast,1,sp_k_bb_pct_gap,2026-04-11,0
823075,BOS,STL,669467,?,statcast,678394,?,statcast,statcast,statcast,statcast,statcast,1,sp_k_bb_pct_gap,2026-04-12,0
823076,BOS,STL,669160,?,statcast,813349,?,statcast,statcast,statcast,statcast,statcast,0,-,2026-04-10,1
823077,NYM,STL,669467,?,season_2025,673540,?,season_2025,statcast,statcast,statcast,statcast,10,"sp_xera_gap,sp_xwoba_allowed_gap,sp_fip_gap,sp_siera_gap,sp_k_bb_pct_gap,sp_recent_form_gap,sp_hardhit_gap,sp_stamina_gap,home_sp_luck,away_sp_luck",2026-03-31,1
823078,NYM,STL,669461,?,statcast,642547,?,season_2025,statcast,statcast,statcast,statcast,9,"sp_xera_gap,sp_xwoba_allowed_gap,sp_fip_gap,sp_siera_gap,sp_k_bb_pct_gap,sp_recent_form_gap,sp_hardhit_gap,sp_stamina_gap,away_sp_luck",2026-04-01,1
823079,TB,STL,669160,?,season_2025,571927,?,season_2025,statcast,statcast,statcast,statcast,10,"sp_xera_gap,sp_xwoba_allowed_gap,sp_fip_gap,sp_siera_gap,sp_k_bb_pct_gap,sp_recent_form_gap,sp_hardhit_gap,sp_stamina_gap,home_sp_luck,away_sp_luck",2026-03-29,0
823080,NYM,STL,681517,?,season_2025,605280,?,season_2025,statcast,statcast,statcast,statcast,10,"sp_xera_gap,sp_xwoba_allowed_gap,sp_fip_gap,sp_siera_gap,sp_k_bb_pct_gap,sp_recent_form_gap,sp_hardhit_gap,sp_stamina_gap,home_sp_luck,away_sp_luck",2026-03-30,0
823081,TB,STL,669461,?,season_2025,656876,?,season_2025,season_2025,season_2025,season_2025,season_2025,13,"sp_xera_gap,sp_xwoba_allowed_gap,sp_fip_gap,sp_siera_gap,sp_k_bb_pct_gap,sp_recent_form_gap,sp_hardhit_gap,sp_stamina_gap,team_wrcplus_gap,team_woba_gap,bullpen_siera_gap,home_sp_luck,away_sp_luck",2026-03-26,1
823082,TB,STL,700241,?,season_2025,671212,?,season_2025,statcast,statcast,statcast,statcast,10,"sp_xera_gap,sp_xwoba_allowed_gap,sp_fip_gap,sp_siera_gap,sp_k_bb_pct_gap,sp_recent_form_gap,sp_hardhit_gap,sp_stamina_gap,home_sp_luck,away_sp_luck",2026-03-28,1
823148,ATH,SEA,622491,?,statcast,682052,?,statcast,statcast,statcast,statcast,statcast,0,-,2026-04-21,0
823149,ATH,SEA,676106,?,statcast,669372,?,statcast,statcast,statcast,statcast,statcast,0,-,2026-04-20,0
823150,TEX,SEA,693433,?,statcast,669022,?,statcast,statcast,statcast,statcast,statcast,0,-,2026-04-19,1
823151,TEX,SEA,669923,?,statcast,543135,?,statcast,statcast,statcast,statcast,statcast,0,-,2026-04-18,1
823152,TEX,SEA,669302,?,statcast,594798,?,statcast,statcast,statcast,statcast,statcast,0,-,2026-04-17,0
823153,HOU,SEA,669923,?,statcast,681347,?,statcast,statcast,statcast,statcast,statcast,0,-,2026-04-13,1
823154,HOU,SEA,669302,?,statcast,675989,?,statcast,statcast,statcast,statcast,statcast,0,-,2026-04-12,1
823155,HOU,SEA,622491,?,statcast,621121,?,statcast,statcast,statcast,statcast,statcast,0,-,2026-04-11,1
823156,HOU,SEA,676106,?,statcast,837227,?,statcast,statcast,statcast,statcast,statcast,0,-,2026-04-10,1
823157,NYY,SEA,669923,?,statcast,693645,?,statcast,statcast,statcast,statcast,statcast,0,-,2026-04-01,0
823158,NYY,SEA,669302,?,season_2025,608331,?,season_2025,statcast,statcast,statcast,statcast,10,"sp_xera_gap,sp_xwoba_allowed_gap,sp_fip_gap,sp_siera_gap,sp_k_bb_pct_gap,sp_recent_form_gap,sp_hardhit_gap,sp_stamina_gap,home_sp_luck,away_sp_luck",2026-03-31,0
823159,NYY,SEA,622491,?,season_2025,677960,?,season_2025,statcast,statcast,statcast,statcast,10,"sp_xera_gap,sp_xwoba_allowed_gap,sp_fip_gap,sp_siera_gap,sp_k_bb_pct_gap,sp_recent_form_gap,sp_hardhit_gap,sp_stamina_gap,home_sp_luck,away_sp_luck",2026-03-30,1
823160,CLE,SEA,676106,?,season_2025,677944,?,season_2025,statcast,statcast,statcast,statcast,10,"sp_xera_gap,sp_xwoba_allowed_gap,sp_fip_gap,sp_siera_gap,sp_k_bb_pct_gap,sp_recent_form_gap,sp_hardhit_gap,sp_stamina_gap,home_sp_luck,away_sp_luck",2026-03-29,1
823161,CLE,SEA,693433,?,season_2025,676282,?,season_2025,statcast,statcast,statcast,statcast,10,"sp_xera_gap,sp_xwoba_allowed_gap,sp_fip_gap,sp_siera_gap,sp_k_bb_pct_gap,sp_recent_form_gap,sp_hardhit_gap,sp_stamina_gap,home_sp_luck,away_sp_luck",2026-03-28,0
823162,CLE,SEA,669923,?,season_2025,668909,?,season_2025,statcast,statcast,statcast,statcast,10,"sp_xera_gap,sp_xwoba_allowed_gap,sp_fip_gap,sp_siera_gap,sp_k_bb_pct_gap,sp_recent_form_gap,sp_hardhit_gap,sp_stamina_gap,home_sp_luck,away_sp_luck",2026-03-27,1
823163,CLE,SEA,669302,?,season_2025,676440,?,season_2025,season_2025,season_2025,season_2025,season_2025,13,"sp_xera_gap,sp_xwoba_allowed_gap,sp_fip_gap,sp_siera_gap,sp_k_bb_pct_gap,sp_recent_form_gap,sp_hardhit_gap,sp_stamina_gap,team_wrcplus_gap,team_woba_gap,bullpen_siera_gap,home_sp_luck,away_sp_luck",2026-03-26,0
823234,PHI,SF,641816,?,statcast,605400,?,statcast,statcast,statcast,statcast,statcast,0,-,2026-04-08,1
823235,PHI,SF,592662,?,statcast,650911,?,statcast,statcast,statcast,statcast,statcast,0,-,2026-04-07,1
823236,LAD,SF,694738,?,statcast,808967,?,statcast,statcast,statcast,statcast,statcast,0,-,2026-04-21,1
823237,PHI,SF,605288,?,statcast,691725,?,league_prior,statcast,statcast,statcast,statcast,9,"sp_xera_gap,sp_xwoba_allowed_gap,sp_fip_gap,sp_siera_gap,sp_k_bb_pct_gap,sp_recent_form_gap,sp_hardhit_gap,sp_stamina_gap,away_sp_luck",2026-04-06,0
823238,NYM,SF,657277,?,statcast,673540,?,season_2025,statcast,statcast,statcast,statcast,9,"sp_xera_gap,sp_xwoba_allowed_gap,sp_fip_gap,sp_siera_gap,sp_k_bb_pct_gap,sp_recent_form_gap,sp_hardhit_gap,sp_stamina_gap,away_sp_luck",2026-04-05,0
823239,NYM,SF,694738,?,season_2025,605280,?,season_2025,statcast,statcast,statcast,statcast,10,"sp_xera_gap,sp_xwoba_allowed_gap,sp_fip_gap,sp_siera_gap,sp_k_bb_pct_gap,sp_recent_form_gap,sp_hardhit_gap,sp_stamina_gap,home_sp_luck,away_sp_luck",2026-04-04,0
823240,NYM,SF,641816,?,season_2025,690997,?,season_2025,statcast,statcast,statcast,statcast,10,"sp_xera_gap,sp_xwoba_allowed_gap,sp_fip_gap,sp_siera_gap,sp_k_bb_pct_gap,sp_recent_form_gap,sp_hardhit_gap,sp_stamina_gap,home_sp_luck,away_sp_luck",2026-04-03,0
823241,NYY,SF,641816,?,season_2025,701542,?,season_2025,statcast,statcast,statcast,statcast,10,"sp_xera_gap,sp_xwoba_allowed_gap,sp_fip_gap,sp_siera_gap,sp_k_bb_pct_gap,sp_recent_form_gap,sp_hardhit_gap,sp_stamina_gap,home_sp_luck,away_sp_luck",2026-03-28,0
823242,NYM,SF,592662,?,statcast,656849,?,statcast,statcast,statcast,statcast,statcast,0,-,2026-04-02,1
823243,NYY,SF,592662,?,season_2025,693645,?,season_2025,statcast,statcast,statcast,statcast,10,"sp_xera_gap,sp_xwoba_allowed_gap,sp_fip_gap,sp_siera_gap,sp_k_bb_pct_gap,sp_recent_form_gap,sp_hardhit_gap,sp_stamina_gap,home_sp_luck,away_sp_luck",2026-03-27,0
823244,NYY,SF,657277,?,season_2025,608331,?,season_2025,season_2025,season_2025,season_2025,season_2025,13,"sp_xera_gap,sp_xwoba_allowed_gap,sp_fip_gap,sp_siera_gap,sp_k_bb_pct_gap,sp_recent_form_gap,sp_hardhit_gap,sp_stamina_gap,team_wrcplus_gap,team_woba_gap,bullpen_siera_gap,home_sp_luck,away_sp_luck",2026-03-25,0
823313,SEA,SD,621111,?,statcast,622491,?,statcast,statcast,statcast,statcast,statcast,0,-,2026-04-16,1
823314,SEA,SD,681190,?,statcast,676106,?,statcast,statcast,statcast,statcast,statcast,0,-,2026-04-15,1
823315,SEA,SD,650633,?,statcast,693433,?,statcast,statcast,statcast,statcast,statcast,0,-,2026-04-14,1
823316,COL,SD,608566,?,statcast,663372,?,statcast,statcast,statcast,statcast,statcast,0,-,2026-04-11,1
823317,COL,SD,601713,?,statcast,623474,?,statcast,statcast,statcast,statcast,statcast,0,-,2026-04-12,1
823318,COL,SD,621111,?,statcast,608372,?,statcast,statcast,statcast,statcast,statcast,0,-,2026-04-10,1
823319,COL,SD,681190,?,statcast,623474,?,statcast,statcast,statcast,statcast,statcast,0,-,2026-04-09,1
823320,SF,SD,621111,?,season_2025,694738,?,season_2025,statcast,statcast,statcast,statcast,10,"sp_xera_gap,sp_xwoba_allowed_gap,sp_fip_gap,sp_siera_gap,sp_k_bb_pct_gap,sp_recent_form_gap,sp_hardhit_gap,sp_stamina_gap,home_sp_luck,away_sp_luck",2026-03-30,0
823321,SF,SD,601713,?,statcast,605288,?,season_2025,statcast,statcast,statcast,statcast,9,"sp_xera_gap,sp_xwoba_allowed_gap,sp_fip_gap,sp_siera_gap,sp_k_bb_pct_gap,sp_recent_form_gap,sp_hardhit_gap,sp_stamina_gap,away_sp_luck",2026-04-01,1
823322,SF,SD,608566,?,season_2025,657277,?,season_2025,statcast,statcast,statcast,statcast,10,"sp_xera_gap,sp_xwoba_allowed_gap,sp_fip_gap,sp_siera_gap,sp_k_bb_pct_gap,sp_recent_form_gap,sp_hardhit_gap,sp_stamina_gap,home_sp_luck,away_sp_luck",2026-03-31,0
823323,DET,SD,681190,?,season_2025,656427,?,season_2025,statcast,statcast,statcast,statcast,10,"sp_xera_gap,sp_xwoba_allowed_gap,sp_fip_gap,sp_siera_gap,sp_k_bb_pct_gap,sp_recent_form_gap,sp_hardhit_gap,sp_stamina_gap,home_sp_luck,away_sp_luck",2026-03-28,1
823324,DET,SD,650633,?,season_2025,664285,?,season_2025,statcast,statcast,statcast,season_2025,11,"sp_xera_gap,sp_xwoba_allowed_gap,sp_fip_gap,sp_siera_gap,sp_k_bb_pct_gap,sp_recent_form_gap,sp_hardhit_gap,sp_stamina_gap,bullpen_siera_gap,home_sp_luck,away_sp_luck",2026-03-27,0
823325,DET,SD,601713,?,season_2025,669373,?,season_2025,season_2025,season_2025,season_2025,season_2025,13,"sp_xera_gap,sp_xwoba_allowed_gap,sp_fip_gap,sp_siera_gap,sp_k_bb_pct_gap,sp_recent_form_gap,sp_hardhit_gap,sp_stamina_gap,team_wrcplus_gap,team_woba_gap,bullpen_siera_gap,home_sp_luck,away_sp_luck",2026-03-26,0
823393,TB,PIT,656605,?,statcast,663556,?,statcast,statcast,statcast,statcast,statcast,0,-,2026-04-19,1
823394,TB,PIT,694973,?,statcast,656876,?,statcast,statcast,statcast,statcast,statcast,0,-,2026-04-18,0
823396,WSH,PIT,677952,?,statcast,656492,?,statcast,statcast,statcast,statcast,statcast,0,-,2026-04-16,0
823397,TB,PIT,696149,?,statcast,607259,?,statcast,statcast,statcast,statcast,statcast,0,-,2026-04-17,1
823398,WSH,PIT,656605,?,statcast,676571,?,statcast,statcast,statcast,statcast,statcast,0,-,2026-04-14,0
823399,WSH,PIT,682254,?,statcast,663623,?,statcast,statcast,statcast,statcast,statcast,0,-,2026-04-15,1
823400,WSH,PIT,694973,?,statcast,676917,?,statcast,statcast,statcast,statcast,statcast,0,-,2026-04-13,1
823401,SD,PIT,696149,?,season_2025,608566,?,statcast,statcast,statcast,statcast,statcast,9,"sp_xera_gap,sp_xwoba_allowed_gap,sp_fip_gap,sp_siera_gap,sp_k_bb_pct_gap,sp_recent_form_gap,sp_hardhit_gap,sp_stamina_gap,home_sp_luck",2026-04-06,0
823402,SD,PIT,694973,?,statcast,601713,?,statcast,statcast,statcast,statcast,statcast,0,-,2026-04-07,1
823403,SD,PIT,656605,?,statcast,650633,?,statcast,statcast,statcast,statcast,statcast,0,-,2026-04-08,0
823404,BAL,PIT,669387,?,season_2025,669358,?,statcast,statcast,statcast,statcast,statcast,9,"sp_xera_gap,sp_xwoba_allowed_gap,sp_fip_gap,sp_siera_gap,sp_k_bb_pct_gap,sp_recent_form_gap,sp_hardhit_gap,sp_stamina_gap,home_sp_luck",2026-04-04,1
823405,BAL,PIT,677952,?,season_2025,605135,?,statcast,statcast,statcast,statcast,statcast,9,"sp_xera_gap,sp_xwoba_allowed_gap,sp_fip_gap,sp_siera_gap,sp_k_bb_pct_gap,sp_recent_form_gap,sp_hardhit_gap,sp_stamina_gap,home_sp_luck",2026-04-05,1
823406,BAL,PIT,656605,?,statcast,680694,?,statcast,statcast,statcast,statcast,statcast,0,-,2026-04-03,1
823474,ATL,PHI,650911,?,statcast,519242,?,statcast,statcast,statcast,statcast,statcast,0,-,2026-04-18,0
823475,ATL,PHI,691725,?,statcast,656550,?,statcast,statcast,statcast,statcast,statcast,0,-,2026-04-19,0
823476,ATL,PHI,592836,?,statcast,527048,?,statcast,statcast,statcast,statcast,statcast,0,-,2026-04-17,0
823477,CHC,PHI,666200,?,statcast,684007,?,statcast,statcast,statcast,statcast,statcast,0,-,2026-04-15,0
823478,CHC,PHI,605400,?,statcast,702303,?,league_prior,statcast,statcast,statcast,statcast,9,"sp_xera_gap,sp_xwoba_allowed_gap,sp_fip_gap,sp_siera_gap,sp_k_bb_pct_gap,sp_recent_form_gap,sp_hardhit_gap,sp_stamina_gap,away_sp_luck",2026-04-14,0
823479,AZ,PHI,647315,?,statcast,668678,?,statcast,statcast,statcast,statcast,statcast,0,-,2026-04-12,0
823480,AZ,PHI,592836,?,statcast,694297,?,statcast,statcast,statcast,statcast,statcast,0,-,2026-04-11,1
823481,CHC,PHI,650911,?,statcast,665871,?,statcast,statcast,statcast,statcast,statcast,0,-,2026-04-13,1
823482,AZ,PHI,666200,?,statcast,647336,?,statcast,statcast,statcast,statcast,statcast,0,-,2026-04-10,0
823483,WSH,PHI,650911,?,statcast,676917,?,statcast,statcast,statcast,statcast,statcast,0,-,2026-04-01,1
823484,WSH,PHI,592836,?,season_2025,656492,?,league_prior,statcast,statcast,statcast,statcast,10,"sp_xera_gap,sp_xwoba_allowed_gap,sp_fip_gap,sp_siera_gap,sp_k_bb_pct_gap,sp_recent_form_gap,sp_hardhit_gap,sp_stamina_gap,home_sp_luck,away_sp_luck",2026-03-30,0
823485,WSH,PHI,691725,?,league_prior,676571,?,season_2025,statcast,statcast,statcast,statcast,10,"sp_xera_gap,sp_xwoba_allowed_gap,sp_fip_gap,sp_siera_gap,sp_k_bb_pct_gap,sp_recent_form_gap,sp_hardhit_gap,sp_stamina_gap,home_sp_luck,away_sp_luck",2026-03-31,1
823486,TEX,PHI,650911,?,season_2025,543135,?,season_2025,season_2025,season_2025,season_2025,season_2025,13,"sp_xera_gap,sp_xwoba_allowed_gap,sp_fip_gap,sp_siera_gap,sp_k_bb_pct_gap,sp_recent_form_gap,sp_hardhit_gap,sp_stamina_gap,team_wrcplus_gap,team_woba_gap,bullpen_siera_gap,home_sp_luck,away_sp_luck",2026-03-26,1
823487,TEX,PHI,666200,?,season_2025,669022,?,season_2025,statcast,statcast,statcast,statcast,10,"sp_xera_gap,sp_xwoba_allowed_gap,sp_fip_gap,sp_siera_gap,sp_k_bb_pct_gap,sp_recent_form_gap,sp_hardhit_gap,sp_stamina_gap,home_sp_luck,away_sp_luck",2026-03-29,0
823488,TEX,PHI,605400,?,season_2025,656641,?,season_2025,statcast,statcast,statcast,statcast,10,"sp_xera_gap,sp_xwoba_allowed_gap,sp_fip_gap,sp_siera_gap,sp_k_bb_pct_gap,sp_recent_form_gap,sp_hardhit_gap,sp_stamina_gap,home_sp_luck,away_sp_luck",2026-03-28,0
823556,KC,NYY,677960,?,statcast,666142,?,statcast,statcast,statcast,statcast,statcast,0,-,2026-04-19,1
823558,KC,NYY,701542,?,statcast,702070,?,statcast,statcast,statcast,statcast,statcast,0,-,2026-04-18,1
823559,KC,NYY,693645,?,statcast,608379,?,statcast,statcast,statcast,statcast,statcast,0,-,2026-04-17,1
823560,LAA,NYY,608331,?,statcast,608718,?,statcast,statcast,statcast,statcast,statcast,0,-,2026-04-16,0
823561,LAA,NYY,661563,?,statcast,686799,?,statcast,statcast,statcast,statcast,statcast,0,-,2026-04-15,1
823562,LAA,NYY,677960,?,statcast,672282,?,statcast,statcast,statcast,statcast,statcast,0,-,2026-04-14,0
823563,LAA,NYY,701542,?,statcast,579328,?,statcast,statcast,statcast,statcast,statcast,0,-,2026-04-13,1
823564,ATH,NYY,701542,?,statcast,622663,?,statcast,statcast,statcast,statcast,statcast,0,-,2026-04-08,0
823565,ATH,NYY,677960,?,statcast,605488,?,statcast,statcast,statcast,statcast,statcast,0,-,2026-04-09,0
823566,MIA,NYY,608331,?,statcast,664126,?,season_2025,statcast,statcast,statcast,statcast,9,"sp_xera_gap,sp_xwoba_allowed_gap,sp_fip_gap,sp_siera_gap,sp_k_bb_pct_gap,sp_recent_form_gap,sp_hardhit_gap,sp_stamina_gap,away_sp_luck",2026-04-05,0
823567,ATH,NYY,693645,?,statcast,650644,?,season_2025,statcast,statcast,statcast,statcast,9,"sp_xera_gap,sp_xwoba_allowed_gap,sp_fip_gap,sp_siera_gap,sp_k_bb_pct_gap,sp_recent_form_gap,sp_hardhit_gap,sp_stamina_gap,away_sp_luck",2026-04-07,1
823568,MIA,NYY,701542,?,statcast,691587,?,statcast,statcast,statcast,statcast,statcast,0,-,2026-04-03,1
823569,MIA,NYY,677960,?,statcast,676974,?,season_2025,statcast,statcast,statcast,statcast,9,"sp_xera_gap,sp_xwoba_allowed_gap,sp_fip_gap,sp_siera_gap,sp_k_bb_pct_gap,sp_recent_form_gap,sp_hardhit_gap,sp_stamina_gap,away_sp_luck",2026-04-04,1
823640,MIN,NYM,690997,?,statcast,680573,?,statcast,statcast,statcast,statcast,statcast,0,-,2026-04-21,0
823642,ATH,NYM,642547,?,statcast,650644,?,statcast,statcast,statcast,statcast,statcast,0,-,2026-04-12,0
823643,ATH,NYM,605280,?,statcast,669372,?,statcast,statcast,statcast,statcast,statcast,0,-,2026-04-10,0
823644,ATH,NYM,673540,?,statcast,682052,?,statcast,statcast,statcast,statcast,statcast,0,-,2026-04-11,0
823645,AZ,NYM,690997,?,statcast,593958,?,statcast,statcast,statcast,statcast,statcast,0,-,2026-04-09,0
823646,AZ,NYM,656849,?,statcast,669194,?,statcast,statcast,statcast,statcast,statcast,0,-,2026-04-08,0
823647,PIT,NYM,690997,?,season_2025,669387,?,season_2025,statcast,statcast,statcast,statcast,10,"sp_xera_gap,sp_xwoba_allowed_gap,sp_fip_gap,sp_siera_gap,sp_k_bb_pct_gap,sp_recent_form_gap,sp_hardhit_gap,sp_stamina_gap,home_sp_luck,away_sp_luck",2026-03-29,0
823648,AZ,NYM,642547,?,statcast,668678,?,statcast,statcast,statcast,statcast,statcast,1,sp_k_bb_pct_gap,2026-04-07,1
823649,PIT,NYM,642547,?,season_2025,694973,?,season_2025,season_2025,season_2025,season_2025,season_2025,13,"sp_xera_gap,sp_xwoba_allowed_gap,sp_fip_gap,sp_siera_gap,sp_k_bb_pct_gap,sp_recent_form_gap,sp_hardhit_gap,sp_stamina_gap,team_wrcplus_gap,team_woba_gap,bullpen_siera_gap,home_sp_luck,away_sp_luck",2026-03-26,1
823651,PIT,NYM,656849,?,season_2025,656605,?,season_2025,statcast,statcast,statcast,statcast,10,"sp_xera_gap,sp_xwoba_allowed_gap,sp_fip_gap,sp_siera_gap,sp_k_bb_pct_gap,sp_recent_form_gap,sp_hardhit_gap,sp_stamina_gap,home_sp_luck,away_sp_luck",2026-03-28,1
823718,CIN,MIN,641927,?,statcast,663903,?,statcast,statcast,statcast,statcast,statcast,0,-,2026-04-19,0
823720,CIN,MIN,657746,?,statcast,682227,?,statcast,statcast,statcast,statcast,statcast,0,-,2026-04-17,0
823721,CIN,MIN,671737,?,statcast,671096,?,statcast,statcast,statcast,statcast,statcast,0,-,2026-04-18,0
823722,BOS,MIN,680573,?,statcast,813349,?,statcast,statcast,statcast,statcast,statcast,0,-,2026-04-15,0
823723,BOS,MIN,690953,?,statcast,543243,?,statcast,statcast,statcast,statcast,statcast,0,-,2026-04-14,1
823724,DET,MIN,690953,?,statcast,656427,?,statcast,statcast,statcast,statcast,statcast,0,-,2026-04-09,1
823725,BOS,MIN,641927,?,statcast,676979,?,statcast,statcast,statcast,statcast,statcast,0,-,2026-04-13,1
823726,DET,MIN,641927,?,statcast,664285,?,statcast,statcast,statcast,statcast,statcast,0,-,2026-04-08,1
823727,DET,MIN,671737,?,statcast,669373,?,statcast,statcast,statcast,statcast,statcast,0,-,2026-04-07,1
823728,DET,MIN,657746,?,statcast,663554,?,statcast,statcast,statcast,statcast,statcast,0,-,2026-04-06,1
823729,TB,MIN,680573,?,statcast,607259,?,statcast,statcast,statcast,statcast,statcast,0,-,2026-04-05,0
823730,TB,MIN,690953,?,statcast,571927,?,statcast,statcast,statcast,statcast,statcast,0,-,2026-04-04,0
823732,TB,MIN,641927,?,statcast,671212,?,season_2025,statcast,statcast,statcast,statcast,9,"sp_xera_gap,sp_xwoba_allowed_gap,sp_fip_gap,sp_siera_gap,sp_k_bb_pct_gap,sp_recent_form_gap,sp_hardhit_gap,sp_stamina_gap,away_sp_luck",2026-04-03,1
823801,TOR,MIL,687075,?,statcast,571578,?,season_2025,statcast,statcast,statcast,statcast,9,"sp_xera_gap,sp_xwoba_allowed_gap,sp_fip_gap,sp_siera_gap,sp_k_bb_pct_gap,sp_recent_form_gap,sp_hardhit_gap,sp_stamina_gap,away_sp_luck",2026-04-16,1
823802,TOR,MIL,694819,?,statcast,592332,?,statcast,statcast,statcast,statcast,statcast,0,-,2026-04-14,0
823803,TOR,MIL,694477,?,statcast,656302,?,statcast,statcast,statcast,statcast,statcast,0,-,2026-04-15,1
823804,WSH,MIL,605540,?,statcast,641793,?,statcast,statcast,statcast,statcast,statcast,0,-,2026-04-12,0
823805,WSH,MIL,690986,?,statcast,656492,?,statcast,statcast,statcast,statcast,statcast,0,-,2026-04-11,0
823806,TB,MIL,694819,?,statcast,656876,?,season_2025,statcast,statcast,statcast,statcast,9,"sp_xera_gap,sp_xwoba_allowed_gap,sp_fip_gap,sp_siera_gap,sp_k_bb_pct_gap,sp_recent_form_gap,sp_hardhit_gap,sp_stamina_gap,away_sp_luck",2026-04-01,1
823807,TB,MIL,605540,?,season_2025,663556,?,season_2023,statcast,statcast,statcast,statcast,10,"sp_xera_gap,sp_xwoba_allowed_gap,sp_fip_gap,sp_siera_gap,sp_k_bb_pct_gap,sp_recent_form_gap,sp_hardhit_gap,sp_stamina_gap,home_sp_luck,away_sp_luck",2026-03-31,1
823808,WSH,MIL,676879,?,statcast,663623,?,statcast,statcast,statcast,statcast,statcast,0,-,2026-04-10,0
823809,TB,MIL,690986,?,season_2025,607259,?,season_2025,statcast,statcast,statcast,statcast,10,"sp_xera_gap,sp_xwoba_allowed_gap,sp_fip_gap,sp_siera_gap,sp_k_bb_pct_gap,sp_recent_form_gap,sp_hardhit_gap,sp_stamina_gap,home_sp_luck,away_sp_luck",2026-03-30,0
823810,CWS,MIL,687075,?,season_2025,641743,?,season_2023,statcast,statcast,statcast,statcast,10,"sp_xera_gap,sp_xwoba_allowed_gap,sp_fip_gap,sp_siera_gap,sp_k_bb_pct_gap,sp_recent_form_gap,sp_hardhit_gap,sp_stamina_gap,home_sp_luck,away_sp_luck",2026-03-29,1
823811,CWS,MIL,694477,?,season_2025,680732,?,season_2025,statcast,statcast,statcast,statcast,10,"sp_xera_gap,sp_xwoba_allowed_gap,sp_fip_gap,sp_siera_gap,sp_k_bb_pct_gap,sp_recent_form_gap,sp_hardhit_gap,sp_stamina_gap,home_sp_luck,away_sp_luck",2026-03-28,1
823812,CWS,MIL,694819,?,season_2025,681343,?,season_2025,season_2025,season_2025,season_2025,season_2025,13,"sp_xera_gap,sp_xwoba_allowed_gap,sp_fip_gap,sp_siera_gap,sp_k_bb_pct_gap,sp_recent_form_gap,sp_hardhit_gap,sp_stamina_gap,team_wrcplus_gap,team_woba_gap,bullpen_siera_gap,home_sp_luck,away_sp_luck",2026-03-26,1
823879,STL,MIA,676974,?,statcast,700241,?,statcast,statcast,statcast,statcast,statcast,0,-,2026-04-20,1
823880,STL,MIA,663978,?,statcast,669160,?,statcast,statcast,statcast,statcast,statcast,0,-,2026-04-21,0
823881,MIL,MIA,691587,?,statcast,694819,?,statcast,statcast,statcast,statcast,statcast,0,-,2026-04-19,1
823882,MIL,MIA,645261,?,statcast,605540,?,statcast,statcast,statcast,statcast,statcast,0,-,2026-04-18,0
823883,MIL,MIA,676083,?,statcast,689441,?,league_prior,statcast,statcast,statcast,statcast,9,"sp_xera_gap,sp_xwoba_allowed_gap,sp_fip_gap,sp_siera_gap,sp_k_bb_pct_gap,sp_recent_form_gap,sp_hardhit_gap,sp_stamina_gap,away_sp_luck",2026-04-17,0
823884,CIN,MIA,676974,?,statcast,695076,?,statcast,statcast,statcast,statcast,statcast,0,-,2026-04-09,1
823885,CIN,MIA,691587,?,statcast,663903,?,statcast,statcast,statcast,statcast,statcast,0,-,2026-04-08,1
823886,CIN,MIA,676083,?,statcast,682227,?,statcast,statcast,statcast,statcast,statcast,0,-,2026-04-06,0
823887,CIN,MIA,645261,?,statcast,671096,?,statcast,statcast,statcast,statcast,statcast,0,-,2026-04-07,0
823888,CWS,MIA,676083,?,season_2025,607200,?,season_2025,statcast,statcast,statcast,statcast,10,"sp_xera_gap,sp_xwoba_allowed_gap,sp_fip_gap,sp_siera_gap,sp_k_bb_pct_gap,sp_recent_form_gap,sp_hardhit_gap,sp_stamina_gap,home_sp_luck,away_sp_luck",2026-03-31,1
823889,CWS,MIA,645261,?,statcast,681343,?,statcast,statcast,statcast,statcast,statcast,0,-,2026-04-01,1
823890,CWS,MIA,663978,?,season_2025,663436,?,season_2025,statcast,statcast,statcast,statcast,10,"sp_xera_gap,sp_xwoba_allowed_gap,sp_fip_gap,sp_siera_gap,sp_k_bb_pct_gap,sp_recent_form_gap,sp_hardhit_gap,sp_stamina_gap,home_sp_luck,away_sp_luck",2026-03-30,0
823891,COL,MIA,676974,?,season_2025,500779,?,season_2025,statcast,statcast,statcast,statcast,10,"sp_xera_gap,sp_xwoba_allowed_gap,sp_fip_gap,sp_siera_gap,sp_k_bb_pct_gap,sp_recent_form_gap,sp_hardhit_gap,sp_stamina_gap,home_sp_luck,away_sp_luck",2026-03-29,1
823892,COL,MIA,691587,?,season_2025,547179,?,season_2025,statcast,statcast,statcast,season_2025,11,"sp_xera_gap,sp_xwoba_allowed_gap,sp_fip_gap,sp_siera_gap,sp_k_bb_pct_gap,sp_recent_form_gap,sp_hardhit_gap,sp_stamina_gap,bullpen_siera_gap,home_sp_luck,away_sp_luck",2026-03-28,1
823893,COL,MIA,645261,?,season_2025,607536,?,season_2025,season_2025,season_2025,season_2025,season_2025,13,"sp_xera_gap,sp_xwoba_allowed_gap,sp_fip_gap,sp_siera_gap,sp_k_bb_pct_gap,sp_recent_form_gap,sp_hardhit_gap,sp_stamina_gap,team_wrcplus_gap,team_woba_gap,bullpen_siera_gap,home_sp_luck,away_sp_luck",2026-03-27,1
823963,NYM,LAD,660271,?,statcast,605280,?,statcast,statcast,statcast,statcast,statcast,0,-,2026-04-15,1
823964,NYM,LAD,680736,?,statcast,656849,?,statcast,statcast,statcast,statcast,statcast,0,-,2026-04-13,1
823965,NYM,LAD,808967,?,statcast,690997,?,statcast,statcast,statcast,statcast,statcast,0,-,2026-04-14,1
823966,TEX,LAD,808963,?,statcast,594798,?,statcast,statcast,statcast,statcast,statcast,1,sp_k_bb_pct_gap,2026-04-12,0
823967,TEX,LAD,686218,?,statcast,683004,?,statcast,statcast,statcast,statcast,statcast,0,-,2026-04-11,1
823968,TEX,LAD,607192,?,statcast,677958,?,season_2025,statcast,statcast,statcast,statcast,9,"sp_xera_gap,sp_xwoba_allowed_gap,sp_fip_gap,sp_siera_gap,sp_k_bb_pct_gap,sp_recent_form_gap,sp_hardhit_gap,sp_stamina_gap,away_sp_luck",2026-04-10,1
823969,CLE,LAD,660271,?,season_2025,676440,?,statcast,statcast,statcast,statcast,statcast,9,"sp_xera_gap,sp_xwoba_allowed_gap,sp_fip_gap,sp_siera_gap,sp_k_bb_pct_gap,sp_recent_form_gap,sp_hardhit_gap,sp_stamina_gap,home_sp_luck",2026-03-31,1
823970,CLE,LAD,808967,?,statcast,668909,?,statcast,statcast,statcast,statcast,statcast,0,-,2026-04-01,0
823971,AZ,LAD,686218,?,season_2025,669194,?,season_2025,statcast,statcast,statcast,statcast,10,"sp_xera_gap,sp_xwoba_allowed_gap,sp_fip_gap,sp_siera_gap,sp_k_bb_pct_gap,sp_recent_form_gap,sp_hardhit_gap,sp_stamina_gap,home_sp_luck,away_sp_luck",2026-03-27,1
823972,CLE,LAD,808963,?,season_2025,800048,?,season_2025,statcast,statcast,statcast,statcast,10,"sp_xera_gap,sp_xwoba_allowed_gap,sp_fip_gap,sp_siera_gap,sp_k_bb_pct_gap,sp_recent_form_gap,sp_hardhit_gap,sp_stamina_gap,home_sp_luck,away_sp_luck",2026-03-30,0
823973,AZ,LAD,607192,?,season_2025,593958,?,season_2025,statcast,statcast,statcast,statcast,10,"sp_xera_gap,sp_xwoba_allowed_gap,sp_fip_gap,sp_siera_gap,sp_k_bb_pct_gap,sp_recent_form_gap,sp_hardhit_gap,sp_stamina_gap,home_sp_luck,away_sp_luck",2026-03-28,1
823974,AZ,LAD,808967,?,season_2025,668678,?,season_2025,season_2025,season_2025,season_2025,season_2025,13,"sp_xera_gap,sp_xwoba_allowed_gap,sp_fip_gap,sp_siera_gap,sp_k_bb_pct_gap,sp_recent_form_gap,sp_hardhit_gap,sp_stamina_gap,team_wrcplus_gap,team_woba_gap,bullpen_siera_gap,home_sp_luck,away_sp_luck",2026-03-26,1
824045,TOR,LAA,686799,?,statcast,571578,?,statcast,statcast,statcast,statcast,statcast,0,-,2026-04-21,0
824046,TOR,LAA,672282,?,statcast,656302,?,statcast,statcast,statcast,statcast,statcast,0,-,2026-04-20,0
824047,SD,LAA,700712,?,league_prior,650633,?,statcast,statcast,statcast,statcast,statcast,9,"sp_xera_gap,sp_xwoba_allowed_gap,sp_fip_gap,sp_siera_gap,sp_k_bb_pct_gap,sp_recent_form_gap,sp_hardhit_gap,sp_stamina_gap,home_sp_luck",2026-04-19,0
824048,SD,LAA,667755,?,statcast,663362,?,season_2024,statcast,statcast,statcast,statcast,9,"sp_xera_gap,sp_xwoba_allowed_gap,sp_fip_gap,sp_siera_gap,sp_k_bb_pct_gap,sp_recent_form_gap,sp_hardhit_gap,sp_stamina_gap,away_sp_luck",2026-04-17,1
824049,SD,LAA,579328,?,statcast,608566,?,statcast,statcast,statcast,statcast,statcast,0,-,2026-04-18,0
824050,ATL,LAA,672282,?,statcast,656550,?,statcast,statcast,statcast,statcast,statcast,0,-,2026-04-08,0
824051,ATL,LAA,579328,?,statcast,625643,?,statcast,statcast,statcast,statcast,statcast,0,-,2026-04-07,0
824052,ATL,LAA,667755,?,statcast,519242,?,statcast,statcast,statcast,statcast,statcast,0,-,2026-04-06,1
824053,SEA,LAA,691946,?,league_prior,622491,?,statcast,statcast,statcast,statcast,statcast,9,"sp_xera_gap,sp_xwoba_allowed_gap,sp_fip_gap,sp_siera_gap,sp_k_bb_pct_gap,sp_recent_form_gap,sp_hardhit_gap,sp_stamina_gap,home_sp_luck",2026-04-05,1
824054,SEA,LAA,686799,?,statcast,676106,?,season_2025,statcast,statcast,statcast,statcast,9,"sp_xera_gap,sp_xwoba_allowed_gap,sp_fip_gap,sp_siera_gap,sp_k_bb_pct_gap,sp_recent_form_gap,sp_hardhit_gap,sp_stamina_gap,away_sp_luck",2026-04-04,1
824056,SEA,LAA,672282,?,statcast,693433,?,statcast,statcast,statcast,statcast,statcast,0,-,2026-04-03,0
824125,BAL,KC,607625,?,statcast,680694,?,statcast,statcast,statcast,statcast,statcast,0,-,2026-04-20,0
824126,CWS,KC,702070,?,statcast,691799,?,statcast,statcast,statcast,statcast,statcast,0,-,2026-04-12,0
824127,BAL,KC,663460,?,statcast,669358,?,statcast,statcast,statcast,statcast,statcast,0,-,2026-04-21,1
824128,CWS,KC,663460,?,statcast,663436,?,statcast,statcast,statcast,statcast,statcast,0,-,2026-04-10,1
824129,CWS,KC,608379,?,statcast,607200,?,statcast,statcast,statcast,statcast,statcast,0,-,2026-04-11,1
824130,CWS,KC,607625,?,statcast,641743,?,statcast,statcast,statcast,statcast,statcast,0,-,2026-04-09,0
824131,MIL,KC,663460,?,season_2025,690986,?,statcast,statcast,statcast,statcast,statcast,9,"sp_xera_gap,sp_xwoba_allowed_gap,sp_fip_gap,sp_siera_gap,sp_k_bb_pct_gap,sp_recent_form_gap,sp_hardhit_gap,sp_stamina_gap,home_sp_luck",2026-04-05,0
824132,MIL,KC,679883,?,season_2025,694477,?,statcast,statcast,statcast,statcast,statcast,9,"sp_xera_gap,sp_xwoba_allowed_gap,sp_fip_gap,sp_siera_gap,sp_k_bb_pct_gap,sp_recent_form_gap,sp_hardhit_gap,sp_stamina_gap,home_sp_luck",2026-04-04,0
824133,MIN,KC,666142,?,statcast,671737,?,statcast,statcast,statcast,statcast,statcast,0,-,2026-04-02,0
824134,MIL,KC,607625,?,statcast,701656,?,season_2025,statcast,statcast,statcast,statcast,9,"sp_xera_gap,sp_xwoba_allowed_gap,sp_fip_gap,sp_siera_gap,sp_k_bb_pct_gap,sp_recent_form_gap,sp_hardhit_gap,sp_stamina_gap,away_sp_luck",2026-04-04,1
824135,MIN,KC,663460,?,season_2025,680573,?,season_2025,statcast,statcast,statcast,statcast,10,"sp_xera_gap,sp_xwoba_allowed_gap,sp_fip_gap,sp_siera_gap,sp_k_bb_pct_gap,sp_recent_form_gap,sp_hardhit_gap,sp_stamina_gap,home_sp_luck,away_sp_luck",2026-03-30,1
824136,MIN,KC,702070,?,season_2025,657746,?,statcast,statcast,statcast,statcast,statcast,9,"sp_xera_gap,sp_xwoba_allowed_gap,sp_fip_gap,sp_siera_gap,sp_k_bb_pct_gap,sp_recent_form_gap,sp_hardhit_gap,sp_stamina_gap,home_sp_luck",2026-04-01,1
824205,STL,HOU,681347,?,statcast,669461,?,statcast,statcast,statcast,statcast,statcast,0,-,2026-04-19,0
824206,STL,HOU,621121,?,statcast,669467,?,statcast,statcast,statcast,statcast,statcast,0,-,2026-04-18,0
824207,STL,HOU,663567,?,season_2024,681517,?,statcast,statcast,statcast,statcast,statcast,9,"sp_xera_gap,sp_xwoba_allowed_gap,sp_fip_gap,sp_siera_gap,sp_k_bb_pct_gap,sp_recent_form_gap,sp_hardhit_gap,sp_stamina_gap,home_sp_luck",2026-04-17,0
824208,COL,HOU,680802,?,statcast,675848,?,statcast,statcast,statcast,statcast,statcast,0,-,2026-04-16,0
824209,COL,HOU,681293,?,season_2025,500779,?,season_2025,statcast,statcast,statcast,statcast,10,"sp_xera_gap,sp_xwoba_allowed_gap,sp_fip_gap,sp_siera_gap,sp_k_bb_pct_gap,sp_recent_form_gap,sp_hardhit_gap,sp_stamina_gap,home_sp_luck,away_sp_luck",2026-04-15,1
824210,COL,HOU,676467,?,season_2025,547179,?,statcast,statcast,statcast,statcast,statcast,9,"sp_xera_gap,sp_xwoba_allowed_gap,sp_fip_gap,sp_siera_gap,sp_k_bb_pct_gap,sp_recent_form_gap,sp_hardhit_gap,sp_stamina_gap,home_sp_luck",2026-04-14,1
824211,BOS,HOU,681347,?,statcast,676979,?,statcast,statcast,statcast,statcast,statcast,0,-,2026-04-01,1
824212,BOS,HOU,686613,?,statcast,678394,?,season_2025,statcast,statcast,statcast,statcast,9,"sp_xera_gap,sp_xwoba_allowed_gap,sp_fip_gap,sp_siera_gap,sp_k_bb_pct_gap,sp_recent_form_gap,sp_hardhit_gap,sp_stamina_gap,away_sp_luck",2026-03-31,1
824213,LAA,HOU,664299,?,season_2025,672282,?,season_2025,statcast,statcast,statcast,statcast,10,"sp_xera_gap,sp_xwoba_allowed_gap,sp_fip_gap,sp_siera_gap,sp_k_bb_pct_gap,sp_recent_form_gap,sp_hardhit_gap,sp_stamina_gap,home_sp_luck,away_sp_luck",2026-03-28,1
824214,BOS,HOU,621121,?,season_2025,624133,?,season_2025,statcast,statcast,statcast,statcast,10,"sp_xera_gap,sp_xwoba_allowed_gap,sp_fip_gap,sp_siera_gap,sp_k_bb_pct_gap,sp_recent_form_gap,sp_hardhit_gap,sp_stamina_gap,home_sp_luck,away_sp_luck",2026-03-30,1
824215,LAA,HOU,837227,?,league_prior,686799,?,season_2025,statcast,statcast,statcast,statcast,10,"sp_xera_gap,sp_xwoba_allowed_gap,sp_fip_gap,sp_siera_gap,sp_k_bb_pct_gap,sp_recent_form_gap,sp_hardhit_gap,sp_stamina_gap,home_sp_luck,away_sp_luck",2026-03-29,1
824216,LAA,HOU,681347,?,season_2025,579328,?,season_2025,statcast,statcast,statcast,statcast,10,"sp_xera_gap,sp_xwoba_allowed_gap,sp_fip_gap,sp_siera_gap,sp_k_bb_pct_gap,sp_recent_form_gap,sp_hardhit_gap,sp_stamina_gap,home_sp_luck,away_sp_luck",2026-03-27,0
824218,LAA,HOU,686613,?,season_2025,667755,?,season_2025,season_2025,season_2025,season_2025,season_2025,13,"sp_xera_gap,sp_xwoba_allowed_gap,sp_fip_gap,sp_siera_gap,sp_k_bb_pct_gap,sp_recent_form_gap,sp_hardhit_gap,sp_stamina_gap,team_wrcplus_gap,team_woba_gap,bullpen_siera_gap,home_sp_luck,away_sp_luck",2026-03-26,0
824289,KC,DET,672456,?,statcast,663460,?,statcast,statcast,statcast,statcast,statcast,0,-,2026-04-16,1
824290,MIL,DET,672456,?,statcast,690986,?,statcast,statcast,statcast,statcast,statcast,0,-,2026-04-21,0
824291,KC,DET,656427,?,statcast,607625,?,statcast,statcast,statcast,statcast,statcast,0,-,2026-04-15,1
824292,KC,DET,664285,?,statcast,666142,?,statcast,statcast,statcast,statcast,statcast,0,-,2026-04-14,1
824293,MIA,DET,669373,?,statcast,645261,?,statcast,statcast,statcast,statcast,statcast,0,-,2026-04-12,1
824294,MIA,DET,663554,?,statcast,676083,?,statcast,statcast,statcast,statcast,statcast,0,-,2026-04-11,1
824295,STL,DET,656427,?,statcast,669160,?,season_2025,statcast,statcast,statcast,statcast,9,"sp_xera_gap,sp_xwoba_allowed_gap,sp_fip_gap,sp_siera_gap,sp_k_bb_pct_gap,sp_recent_form_gap,sp_hardhit_gap,sp_stamina_gap,away_sp_luck",2026-04-04,1
824296,STL,DET,672456,?,season_2025,681517,?,season_2025,statcast,statcast,statcast,statcast,10,"sp_xera_gap,sp_xwoba_allowed_gap,sp_fip_gap,sp_siera_gap,sp_k_bb_pct_gap,sp_recent_form_gap,sp_hardhit_gap,sp_stamina_gap,home_sp_luck,away_sp_luck",2026-04-05,0
824297,MIA,DET,672456,?,season_2025,663978,?,statcast,statcast,statcast,statcast,statcast,9,"sp_xera_gap,sp_xwoba_allowed_gap,sp_fip_gap,sp_siera_gap,sp_k_bb_pct_gap,sp_recent_form_gap,sp_hardhit_gap,sp_stamina_gap,home_sp_luck",2026-04-10,1
824299,STL,DET,664285,?,statcast,700241,?,statcast,statcast,statcast,statcast,statcast,0,-,2026-04-03,1
824369,SD,COL,623474,?,statcast,681190,?,statcast,statcast,statcast,statcast,statcast,0,-,2026-04-21,0
824370,LAD,COL,500779,?,statcast,680736,?,statcast,statcast,statcast,statcast,statcast,0,-,2026-04-20,0
824371,LAD,COL,547179,?,statcast,808963,?,statcast,statcast,statcast,statcast,statcast,0,-,2026-04-19,1
824372,LAD,COL,663372,?,statcast,686218,?,statcast,statcast,statcast,statcast,statcast,0,-,2026-04-18,1
824373,LAD,COL,608372,?,statcast,607192,?,statcast,statcast,statcast,statcast,statcast,0,-,2026-04-17,0
824374,HOU,COL,547179,?,statcast,664299,?,statcast,statcast,statcast,statcast,statcast,0,-,2026-04-08,1
824375,HOU,COL,607536,?,statcast,681347,?,statcast,statcast,statcast,statcast,statcast,0,-,2026-04-07,1
824376,HOU,COL,663372,?,statcast,675989,?,season_2024,statcast,statcast,statcast,statcast,9,"sp_xera_gap,sp_xwoba_allowed_gap,sp_fip_gap,sp_siera_gap,sp_k_bb_pct_gap,sp_recent_form_gap,sp_hardhit_gap,sp_stamina_gap,away_sp_luck",2026-04-06,1
824377,PHI,COL,547179,?,statcast,605400,?,statcast,statcast,statcast,statcast,statcast,0,-,2026-04-03,0
824378,PHI,COL,657514,?,season_2025,666200,?,statcast,statcast,statcast,statcast,statcast,9,"sp_xera_gap,sp_xwoba_allowed_gap,sp_fip_gap,sp_siera_gap,sp_k_bb_pct_gap,sp_recent_form_gap,sp_hardhit_gap,sp_stamina_gap,home_sp_luck",2026-04-04,0
824379,PHI,COL,608372,?,statcast,592836,?,season_2025,statcast,statcast,statcast,statcast,9,"sp_xera_gap,sp_xwoba_allowed_gap,sp_fip_gap,sp_siera_gap,sp_k_bb_pct_gap,sp_recent_form_gap,sp_hardhit_gap,sp_stamina_gap,away_sp_luck",2026-04-05,1
824448,HOU,CLE,800048,?,statcast,680802,?,statcast,statcast,statcast,statcast,statcast,0,-,2026-04-21,1
824450,HOU,CLE,677944,?,statcast,681293,?,statcast,statcast,statcast,statcast,statcast,0,-,2026-04-20,0
824451,BAL,CLE,668909,?,statcast,665152,?,season_2025,statcast,statcast,statcast,statcast,9,"sp_xera_gap,sp_xwoba_allowed_gap,sp_fip_gap,sp_siera_gap,sp_k_bb_pct_gap,sp_recent_form_gap,sp_hardhit_gap,sp_stamina_gap,away_sp_luck",2026-04-18,1
824452,BAL,CLE,676282,?,statcast,669432,?,statcast,statcast,statcast,statcast,statcast,0,-,2026-04-19,1
824453,BAL,CLE,800048,?,statcast,669358,?,statcast,statcast,statcast,statcast,statcast,0,-,2026-04-16,1
824454,BAL,CLE,676440,?,statcast,605135,?,statcast,statcast,statcast,statcast,statcast,0,-,2026-04-17,0
824455,KC,CLE,676282,?,statcast,666142,?,statcast,statcast,statcast,statcast,statcast,0,-,2026-04-08,1
824456,KC,CLE,676440,?,statcast,608379,?,statcast,statcast,statcast,statcast,statcast,0,-,2026-04-06,0
824457,KC,CLE,668909,?,statcast,702070,?,season_2025,statcast,statcast,statcast,statcast,9,"sp_xera_gap,sp_xwoba_allowed_gap,sp_fip_gap,sp_siera_gap,sp_k_bb_pct_gap,sp_recent_form_gap,sp_hardhit_gap,sp_stamina_gap,away_sp_luck",2026-04-07,1
824458,CHC,CLE,676282,?,statcast,690990,?,statcast,statcast,statcast,statcast,statcast,0,-,2026-04-03,1
824459,CHC,CLE,677944,?,statcast,665795,?,statcast,statcast,statcast,statcast,statcast,0,-,2026-04-05,0
824460,CHC,CLE,800048,?,statcast,684007,?,statcast,statcast,statcast,statcast,statcast,0,-,2026-04-05,1
824530,SF,CIN,695505,?,statcast,694738,?,statcast,statcast,statcast,statcast,statcast,0,-,2026-04-16,0
824531,SF,CIN,663903,?,statcast,592662,?,statcast,statcast,statcast,statcast,statcast,0,-,2026-04-14,1
824532,SF,CIN,695076,?,statcast,641816,?,statcast,statcast,statcast,statcast,statcast,0,-,2026-04-15,1
824533,LAA,CIN,671096,?,statcast,667755,?,statcast,statcast,statcast,statcast,statcast,0,-,2026-04-12,0
824534,LAA,CIN,695505,?,statcast,686799,?,statcast,statcast,statcast,statcast,statcast,0,-,2026-04-10,0
824535,LAA,CIN,682227,?,statcast,691946,?,statcast,statcast,statcast,statcast,statcast,0,-,2026-04-11,1
824536,PIT,CIN,671096,?,statcast,694973,?,statcast,statcast,statcast,statcast,statcast,0,-,2026-04-01,0
824537,PIT,CIN,682227,?,season_2024,696149,?,season_2025,statcast,statcast,statcast,statcast,10,"sp_xera_gap,sp_xwoba_allowed_gap,sp_fip_gap,sp_siera_gap,sp_k_bb_pct_gap,sp_recent_form_gap,sp_hardhit_gap,sp_stamina_gap,home_sp_luck,away_sp_luck",2026-03-31,0
824538,BOS,CIN,695076,?,season_2024,813349,?,season_2025,statcast,statcast,statcast,statcast,10,"sp_xera_gap,sp_xwoba_allowed_gap,sp_fip_gap,sp_siera_gap,sp_k_bb_pct_gap,sp_recent_form_gap,sp_hardhit_gap,sp_stamina_gap,home_sp_luck,away_sp_luck",2026-03-29,1
824539,PIT,CIN,695505,?,season_2025,677952,?,season_2025,statcast,statcast,statcast,statcast,10,"sp_xera_gap,sp_xwoba_allowed_gap,sp_fip_gap,sp_siera_gap,sp_k_bb_pct_gap,sp_recent_form_gap,sp_hardhit_gap,sp_stamina_gap,home_sp_luck,away_sp_luck",2026-03-30,1
824540,BOS,CIN,663903,?,season_2025,543243,?,season_2025,statcast,statcast,statcast,statcast,10,"sp_xera_gap,sp_xwoba_allowed_gap,sp_fip_gap,sp_siera_gap,sp_k_bb_pct_gap,sp_recent_form_gap,sp_hardhit_gap,sp_stamina_gap,home_sp_luck,away_sp_luck",2026-03-28,1
824541,BOS,CIN,671096,?,season_2025,676979,?,season_2025,season_2025,season_2025,season_2025,season_2025,13,"sp_xera_gap,sp_xwoba_allowed_gap,sp_fip_gap,sp_siera_gap,sp_k_bb_pct_gap,sp_recent_form_gap,sp_hardhit_gap,sp_stamina_gap,team_wrcplus_gap,team_woba_gap,bullpen_siera_gap,home_sp_luck,away_sp_luck",2026-03-26,0
824614,TB,CWS,673929,?,statcast,571927,?,statcast,statcast,statcast,statcast,statcast,0,-,2026-04-16,0
824615,TB,CWS,680732,?,statcast,642121,?,statcast,statcast,statcast,statcast,statcast,0,-,2026-04-15,0
824616,TB,CWS,702273,?,league_prior,663556,?,statcast,statcast,statcast,statcast,statcast,9,"sp_xera_gap,sp_xwoba_allowed_gap,sp_fip_gap,sp_siera_gap,sp_k_bb_pct_gap,sp_recent_form_gap,sp_hardhit_gap,sp_stamina_gap,home_sp_luck",2026-04-14,0
824617,BAL,CWS,680732,?,statcast,680694,?,statcast,statcast,statcast,statcast,statcast,0,-,2026-04-08,0
824618,BAL,CWS,681343,?,statcast,669432,?,statcast,statcast,statcast,statcast,statcast,0,-,2026-04-07,0
824619,BAL,CWS,691799,?,season_2025,687064,?,season_2025,statcast,statcast,statcast,statcast,10,"sp_xera_gap,sp_xwoba_allowed_gap,sp_fip_gap,sp_siera_gap,sp_k_bb_pct_gap,sp_recent_form_gap,sp_hardhit_gap,sp_stamina_gap,home_sp_luck,away_sp_luck",2026-04-06,0
824620,TOR,CWS,663436,?,season_2025,641778,?,season_2025,statcast,statcast,statcast,statcast,10,"sp_xera_gap,sp_xwoba_allowed_gap,sp_fip_gap,sp_siera_gap,sp_k_bb_pct_gap,sp_recent_form_gap,sp_hardhit_gap,sp_stamina_gap,home_sp_luck,away_sp_luck",2026-04-05,1
824621,TOR,CWS,691799,?,season_2025,656302,?,statcast,statcast,statcast,statcast,statcast,9,"sp_xera_gap,sp_xwoba_allowed_gap,sp_fip_gap,sp_siera_gap,sp_k_bb_pct_gap,sp_recent_form_gap,sp_hardhit_gap,sp_stamina_gap,home_sp_luck",2026-04-03,1
824622,TOR,CWS,691799,?,season_2025,689254,?,season_2025,statcast,statcast,statcast,statcast,10,"sp_xera_gap,sp_xwoba_allowed_gap,sp_fip_gap,sp_siera_gap,sp_k_bb_pct_gap,sp_recent_form_gap,sp_hardhit_gap,sp_stamina_gap,home_sp_luck,away_sp_luck",2026-04-04,1
824690,PHI,CHC,684007,?,statcast,666200,?,statcast,statcast,statcast,statcast,statcast,0,-,2026-04-21,1
824691,NYM,CHC,665871,?,statcast,668964,?,statcast,statcast,statcast,statcast,statcast,0,-,2026-04-19,1
824692,PHI,CHC,607067,?,statcast,605400,?,statcast,statcast,statcast,statcast,statcast,0,-,2026-04-20,1
824693,NYM,CHC,665795,?,statcast,673540,?,statcast,statcast,statcast,statcast,statcast,0,-,2026-04-17,1
824694,NYM,CHC,592791,?,statcast,642547,?,statcast,statcast,statcast,statcast,statcast,0,-,2026-04-18,1
824695,PIT,CHC,684007,?,statcast,669387,?,statcast,statcast,statcast,statcast,statcast,0,-,2026-04-10,0
824696,PIT,CHC,592791,?,statcast,696149,?,statcast,statcast,statcast,statcast,statcast,1,sp_k_bb_pct_gap,2026-04-12,1
824697,PIT,CHC,665795,?,statcast,677952,?,statcast,statcast,statcast,statcast,statcast,0,-,2026-04-11,0
824698,LAA,CHC,571510,?,statcast,579328,?,season_2025,statcast,statcast,statcast,statcast,9,"sp_xera_gap,sp_xwoba_allowed_gap,sp_fip_gap,sp_siera_gap,sp_k_bb_pct_gap,sp_recent_form_gap,sp_hardhit_gap,sp_stamina_gap,away_sp_luck",2026-04-01,1
824699,LAA,CHC,592791,?,season_2025,667755,?,statcast,statcast,statcast,statcast,statcast,9,"sp_xera_gap,sp_xwoba_allowed_gap,sp_fip_gap,sp_siera_gap,sp_k_bb_pct_gap,sp_recent_form_gap,sp_hardhit_gap,sp_stamina_gap,home_sp_luck",2026-03-31,0
824700,WSH,CHC,684007,?,season_2025,663623,?,season_2025,statcast,statcast,statcast,statcast,10,"sp_xera_gap,sp_xwoba_allowed_gap,sp_fip_gap,sp_siera_gap,sp_k_bb_pct_gap,sp_recent_form_gap,sp_hardhit_gap,sp_stamina_gap,home_sp_luck,away_sp_luck",2026-03-29,0
824701,WSH,CHC,690990,?,season_2025,571945,?,season_2025,statcast,statcast,statcast,statcast,10,"sp_xera_gap,sp_xwoba_allowed_gap,sp_fip_gap,sp_siera_gap,sp_k_bb_pct_gap,sp_recent_form_gap,sp_hardhit_gap,sp_stamina_gap,home_sp_luck,away_sp_luck",2026-03-28,1
824702,LAA,CHC,665795,?,season_2025,696270,?,season_2025,statcast,statcast,statcast,statcast,10,"sp_xera_gap,sp_xwoba_allowed_gap,sp_fip_gap,sp_siera_gap,sp_k_bb_pct_gap,sp_recent_form_gap,sp_hardhit_gap,sp_stamina_gap,home_sp_luck,away_sp_luck",2026-03-30,1
824704,WSH,CHC,571510,?,season_2025,676917,?,season_2025,season_2025,season_2025,season_2025,season_2025,13,"sp_xera_gap,sp_xwoba_allowed_gap,sp_fip_gap,sp_siera_gap,sp_k_bb_pct_gap,sp_recent_form_gap,sp_hardhit_gap,sp_stamina_gap,team_wrcplus_gap,team_woba_gap,bullpen_siera_gap,home_sp_luck,away_sp_luck",2026-03-26,0
824773,NYY,BOS,813349,?,statcast,661563,?,statcast,statcast,statcast,statcast,statcast,0,-,2026-04-21,0
824775,DET,BOS,678394,?,statcast,669373,?,statcast,statcast,statcast,statcast,statcast,1,sp_k_bb_pct_gap,2026-04-18,0
824776,DET,BOS,543243,?,statcast,656427,?,statcast,statcast,statcast,statcast,statcast,0,-,2026-04-20,1
824777,DET,BOS,676979,?,statcast,664285,?,statcast,statcast,statcast,statcast,statcast,0,-,2026-04-19,0
824778,DET,BOS,624133,?,statcast,663554,?,statcast,statcast,statcast,statcast,statcast,0,-,2026-04-17,1
824779,MIL,BOS,543243,?,statcast,675660,?,league_prior,statcast,statcast,statcast,statcast,9,"sp_xera_gap,sp_xwoba_allowed_gap,sp_fip_gap,sp_siera_gap,sp_k_bb_pct_gap,sp_recent_form_gap,sp_hardhit_gap,sp_stamina_gap,away_sp_luck",2026-04-08,1
824780,MIL,BOS,676979,?,statcast,694819,?,statcast,statcast,statcast,statcast,statcast,0,-,2026-04-07,1
824781,SD,BOS,624133,?,statcast,621111,?,statcast,statcast,statcast,statcast,statcast,0,-,2026-04-05,0
824782,SD,BOS,813349,?,season_2025,681190,?,statcast,statcast,statcast,statcast,statcast,9,"sp_xera_gap,sp_xwoba_allowed_gap,sp_fip_gap,sp_siera_gap,sp_k_bb_pct_gap,sp_recent_form_gap,sp_hardhit_gap,sp_stamina_gap,home_sp_luck",2026-04-04,0
824783,MIL,BOS,678394,?,season_2025,605540,?,season_2025,statcast,statcast,statcast,statcast,10,"sp_xera_gap,sp_xwoba_allowed_gap,sp_fip_gap,sp_siera_gap,sp_k_bb_pct_gap,sp_recent_form_gap,sp_hardhit_gap,sp_stamina_gap,home_sp_luck,away_sp_luck",2026-04-06,0
824786,SD,BOS,543243,?,statcast,650633,?,season_2025,statcast,statcast,statcast,statcast,9,"sp_xera_gap,sp_xwoba_allowed_gap,sp_fip_gap,sp_siera_gap,sp_k_bb_pct_gap,sp_recent_form_gap,sp_hardhit_gap,sp_stamina_gap,away_sp_luck",2026-04-03,1
824853,AZ,BAL,669432,?,statcast,518876,?,season_2025,statcast,statcast,statcast,statcast,9,"sp_xera_gap,sp_xwoba_allowed_gap,sp_fip_gap,sp_siera_gap,sp_k_bb_pct_gap,sp_recent_form_gap,sp_hardhit_gap,sp_stamina_gap,away_sp_luck",2026-04-14,0
824855,AZ,BAL,680694,?,statcast,593958,?,statcast,statcast,statcast,statcast,statcast,0,-,2026-04-15,0
824856,AZ,BAL,665152,?,season_2025,669194,?,statcast,statcast,statcast,statcast,statcast,9,"sp_xera_gap,sp_xwoba_allowed_gap,sp_fip_gap,sp_siera_gap,sp_k_bb_pct_gap,sp_recent_form_gap,sp_hardhit_gap,sp_stamina_gap,home_sp_luck",2026-04-13,1
824857,SF,BAL,605135,?,statcast,657277,?,statcast,statcast,statcast,statcast,statcast,0,-,2026-04-11,1
824858,SF,BAL,669358,?,statcast,694738,?,statcast,statcast,statcast,statcast,statcast,0,-,2026-04-10,0
824859,SF,BAL,700249,?,season_2025,605288,?,statcast,statcast,statcast,statcast,statcast,9,"sp_xera_gap,sp_xwoba_allowed_gap,sp_fip_gap,sp_siera_gap,sp_k_bb_pct_gap,sp_recent_form_gap,sp_hardhit_gap,sp_stamina_gap,home_sp_luck",2026-04-12,1
824860,TEX,BAL,669432,?,season_2025,543135,?,statcast,statcast,statcast,statcast,statcast,9,"sp_xera_gap,sp_xwoba_allowed_gap,sp_fip_gap,sp_siera_gap,sp_k_bb_pct_gap,sp_recent_form_gap,sp_hardhit_gap,sp_stamina_gap,home_sp_luck",2026-04-01,1
824861,TEX,BAL,621107,?,season_2025,594798,?,season_2025,statcast,statcast,statcast,statcast,10,"sp_xera_gap,sp_xwoba_allowed_gap,sp_fip_gap,sp_siera_gap,sp_k_bb_pct_gap,sp_recent_form_gap,sp_hardhit_gap,sp_stamina_gap,home_sp_luck,away_sp_luck",2026-03-31,0
824862,MIN,BAL,680694,?,season_2025,671737,?,season_2025,statcast,statcast,statcast,statcast,10,"sp_xera_gap,sp_xwoba_allowed_gap,sp_fip_gap,sp_siera_gap,sp_k_bb_pct_gap,sp_recent_form_gap,sp_hardhit_gap,sp_stamina_gap,home_sp_luck,away_sp_luck",2026-03-28,0
824863,TEX,BAL,605135,?,season_2025,683004,?,season_2025,statcast,statcast,statcast,statcast,10,"sp_xera_gap,sp_xwoba_allowed_gap,sp_fip_gap,sp_siera_gap,sp_k_bb_pct_gap,sp_recent_form_gap,sp_hardhit_gap,sp_stamina_gap,home_sp_luck,away_sp_luck",2026-03-30,0
824864,MIN,BAL,669358,?,season_2025,641927,?,season_2025,statcast,statcast,statcast,statcast,10,"sp_xera_gap,sp_xwoba_allowed_gap,sp_fip_gap,sp_siera_gap,sp_k_bb_pct_gap,sp_recent_form_gap,sp_hardhit_gap,sp_stamina_gap,home_sp_luck,away_sp_luck",2026-03-29,1
824865,MIN,BAL,669432,?,season_2025,657746,?,season_2025,season_2025,season_2025,season_2025,season_2025,13,"sp_xera_gap,sp_xwoba_allowed_gap,sp_fip_gap,sp_siera_gap,sp_k_bb_pct_gap,sp_recent_form_gap,sp_hardhit_gap,sp_stamina_gap,team_wrcplus_gap,team_woba_gap,bullpen_siera_gap,home_sp_luck,away_sp_luck",2026-03-26,1
824935,MIA,ATL,625643,?,statcast,676974,?,statcast,statcast,statcast,statcast,statcast,0,-,2026-04-14,1
824936,MIA,ATL,693821,?,statcast,663978,?,statcast,statcast,statcast,statcast,statcast,0,-,2026-04-15,1
824937,MIA,ATL,656550,?,statcast,691587,?,statcast,statcast,statcast,statcast,statcast,0,-,2026-04-13,0
824938,CLE,ATL,519242,?,statcast,676440,?,statcast,statcast,statcast,statcast,statcast,0,-,2026-04-12,1
824939,CLE,ATL,527048,?,statcast,800048,?,statcast,statcast,statcast,statcast,statcast,0,-,2026-04-11,0
824940,ATH,ATL,519242,?,statcast,622663,?,statcast,statcast,statcast,statcast,statcast,0,-,2026-04-01,1
824941,CLE,ATL,693821,?,statcast,677944,?,statcast,statcast,statcast,statcast,statcast,0,-,2026-04-10,1
824942,ATH,ATL,660761,?,season_2025,650644,?,season_2025,statcast,statcast,statcast,statcast,10,"sp_xera_gap,sp_xwoba_allowed_gap,sp_fip_gap,sp_siera_gap,sp_k_bb_pct_gap,sp_recent_form_gap,sp_hardhit_gap,sp_stamina_gap,home_sp_luck,away_sp_luck",2026-03-31,0
824943,ATH,ATL,693821,?,season_2025,682052,?,season_2025,statcast,statcast,statcast,statcast,10,"sp_xera_gap,sp_xwoba_allowed_gap,sp_fip_gap,sp_siera_gap,sp_k_bb_pct_gap,sp_recent_form_gap,sp_hardhit_gap,sp_stamina_gap,home_sp_luck,away_sp_luck",2026-03-30,1
824944,KC,ATL,656550,?,season_2025,607625,?,season_2025,statcast,statcast,statcast,statcast,10,"sp_xera_gap,sp_xwoba_allowed_gap,sp_fip_gap,sp_siera_gap,sp_k_bb_pct_gap,sp_recent_form_gap,sp_hardhit_gap,sp_stamina_gap,home_sp_luck,away_sp_luck",2026-03-29,0
824945,KC,ATL,625643,?,season_2024,608379,?,season_2025,statcast,statcast,statcast,statcast,10,"sp_xera_gap,sp_xwoba_allowed_gap,sp_fip_gap,sp_siera_gap,sp_k_bb_pct_gap,sp_recent_form_gap,sp_hardhit_gap,sp_stamina_gap,home_sp_luck,away_sp_luck",2026-03-28,1
824946,KC,ATL,519242,?,season_2025,666142,?,season_2025,season_2025,season_2025,season_2025,season_2025,13,"sp_xera_gap,sp_xwoba_allowed_gap,sp_fip_gap,sp_siera_gap,sp_k_bb_pct_gap,sp_recent_form_gap,sp_hardhit_gap,sp_stamina_gap,team_wrcplus_gap,team_woba_gap,bullpen_siera_gap,home_sp_luck,away_sp_luck",2026-03-27,1
825018,CWS,ATH,605488,?,statcast,702273,?,league_prior,statcast,statcast,statcast,statcast,9,"sp_xera_gap,sp_xwoba_allowed_gap,sp_fip_gap,sp_siera_gap,sp_k_bb_pct_gap,sp_recent_form_gap,sp_hardhit_gap,sp_stamina_gap,away_sp_luck",2026-04-19,0
825019,CWS,ATH,650644,?,statcast,663436,?,statcast,statcast,statcast,statcast,statcast,0,-,2026-04-17,0
825020,CWS,ATH,622663,?,statcast,607200,?,statcast,statcast,statcast,statcast,statcast,0,-,2026-04-18,1
825021,TEX,ATH,669372,?,statcast,677958,?,statcast,statcast,statcast,statcast,statcast,0,-,2026-04-15,1
825022,TEX,ATH,605488,?,statcast,669022,?,statcast,statcast,statcast,statcast,statcast,0,-,2026-04-14,1
825023,TEX,ATH,682052,?,statcast,683004,?,statcast,statcast,statcast,statcast,statcast,0,-,2026-04-16,0
825024,TEX,ATH,622663,?,statcast,543135,?,statcast,statcast,statcast,statcast,statcast,0,-,2026-04-13,0
825025,HOU,ATH,682052,?,statcast,621121,?,season_2025,statcast,statcast,statcast,statcast,9,"sp_xera_gap,sp_xwoba_allowed_gap,sp_fip_gap,sp_siera_gap,sp_k_bb_pct_gap,sp_recent_form_gap,sp_hardhit_gap,sp_stamina_gap,away_sp_luck",2026-04-05,1
825026,HOU,ATH,605488,?,statcast,664299,?,statcast,statcast,statcast,statcast,statcast,0,-,2026-04-03,1
825027,HOU,ATH,806960,?,statcast,837227,?,league_prior,statcast,statcast,statcast,statcast,9,"sp_xera_gap,sp_xwoba_allowed_gap,sp_fip_gap,sp_siera_gap,sp_k_bb_pct_gap,sp_recent_form_gap,sp_hardhit_gap,sp_stamina_gap,away_sp_luck",2026-04-04,0
825098,TOR,AZ,668678,?,statcast,453286,?,statcast,statcast,statcast,statcast,statcast,0,-,2026-04-18,1
825100,TOR,AZ,669194,?,statcast,592332,?,statcast,statcast,statcast,statcast,statcast,0,-,2026-04-19,0
825101,TOR,AZ,647336,?,statcast,680755,?,statcast,statcast,statcast,statcast,statcast,0,-,2026-04-17,1
825102,ATL,AZ,694297,?,season_2025,527048,?,season_2025,statcast,statcast,statcast,statcast,10,"sp_xera_gap,sp_xwoba_allowed_gap,sp_fip_gap,sp_siera_gap,sp_k_bb_pct_gap,sp_recent_form_gap,sp_hardhit_gap,sp_stamina_gap,home_sp_luck,away_sp_luck",2026-04-05,1
825103,ATL,AZ,593958,?,season_2025,656550,?,statcast,statcast,statcast,statcast,statcast,9,"sp_xera_gap,sp_xwoba_allowed_gap,sp_fip_gap,sp_siera_gap,sp_k_bb_pct_gap,sp_recent_form_gap,sp_hardhit_gap,sp_stamina_gap,home_sp_luck",2026-04-03,0
825104,ATL,AZ,647336,?,statcast,693821,?,season_2025,statcast,statcast,statcast,statcast,9,"sp_xera_gap,sp_xwoba_allowed_gap,sp_fip_gap,sp_siera_gap,sp_k_bb_pct_gap,sp_recent_form_gap,sp_hardhit_gap,sp_stamina_gap,away_sp_luck",2026-04-04,1
825105,ATL,AZ,669194,?,statcast,625643,?,statcast,statcast,statcast,statcast,statcast,1,sp_k_bb_pct_gap,2026-04-02,0
825106,DET,AZ,668678,?,statcast,669373,?,statcast,statcast,statcast,statcast,statcast,0,-,2026-04-01,1
825107,DET,AZ,694297,?,season_2025,663554,?,season_2025,statcast,statcast,statcast,statcast,10,"sp_xera_gap,sp_xwoba_allowed_gap,sp_fip_gap,sp_siera_gap,sp_k_bb_pct_gap,sp_recent_form_gap,sp_hardhit_gap,sp_stamina_gap,home_sp_luck,away_sp_luck",2026-03-31,1
825108,DET,AZ,647336,?,season_2025,434378,?,season_2025,statcast,statcast,statcast,statcast,10,"sp_xera_gap,sp_xwoba_allowed_gap,sp_fip_gap,sp_siera_gap,sp_k_bb_pct_gap,sp_recent_form_gap,sp_hardhit_gap,sp_stamina_gap,home_sp_luck,away_sp_luck",2026-03-30,1
831446,NYM,MIA,645261,?,season_2025,656849,?,season_2025,season_2025,season_2025,season_2025,season_2025,13,"sp_xera_gap,sp_xwoba_allowed_gap,sp_fip_gap,sp_siera_gap,sp_k_bb_pct_gap,sp_recent_form_gap,sp_hardhit_gap,sp_stamina_gap,team_wrcplus_gap,team_woba_gap,bullpen_siera_gap,home_sp_luck,away_sp_luck",2026-03-22,1
831447,ATL,PIT,608334,?,season_2025,800311,?,season_2025,season_2025,season_2025,season_2025,season_2025,13,"sp_xera_gap,sp_xwoba_allowed_gap,sp_fip_gap,sp_siera_gap,sp_k_bb_pct_gap,sp_recent_form_gap,sp_hardhit_gap,sp_stamina_gap,team_wrcplus_gap,team_woba_gap,bullpen_siera_gap,home_sp_luck,away_sp_luck",2026-03-23,0
831448,NYM,WSH,676917,?,season_2025,680933,?,league_prior,season_2025,season_2025,season_2025,season_2025,15,"sp_xera_gap,sp_xwoba_allowed_gap,sp_fip_gap,sp_siera_gap,sp_k_bb_pct_gap,sp_recent_form_gap,sp_hardhit_gap,sp_stamina_gap,team_wrcplus_gap,team_woba_gap,team_hardhit_gap,team_bbk_gap,bullpen_siera_gap,home_sp_luck,away_sp_luck",2026-03-21,1
831449,MIA,STL,695766,?,league_prior,676083,?,season_2025,season_2025,season_2025,season_2025,season_2025,15,"sp_xera_gap,sp_xwoba_allowed_gap,sp_fip_gap,sp_siera_gap,sp_k_bb_pct_gap,sp_recent_form_gap,sp_hardhit_gap,sp_stamina_gap,team_wrcplus_gap,team_woba_gap,team_hardhit_gap,team_bbk_gap,bullpen_siera_gap,home_sp_luck,away_sp_luck",2026-03-21,1
831450,WSH,MIA,663978,?,season_2025,656492,?,league_prior,season_2025,season_2025,season_2025,season_2025,15,"sp_xera_gap,sp_xwoba_allowed_gap,sp_fip_gap,sp_siera_gap,sp_k_bb_pct_gap,sp_recent_form_gap,sp_hardhit_gap,sp_stamina_gap,team_wrcplus_gap,team_woba_gap,team_hardhit_gap,team_bbk_gap,bullpen_siera_gap,home_sp_luck,away_sp_luck",2026-03-20,1
831451,PIT,ATL,660761,?,season_2025,670990,?,season_2025,season_2025,season_2025,season_2025,season_2025,15,"sp_xera_gap,sp_xwoba_allowed_gap,sp_fip_gap,sp_siera_gap,sp_k_bb_pct_gap,sp_recent_form_gap,sp_hardhit_gap,sp_stamina_gap,team_wrcplus_gap,team_woba_gap,team_hardhit_gap,team_bbk_gap,bullpen_siera_gap,home_sp_luck,away_sp_luck",2026-03-20,1
831456,STL,NYM,668964,?,season_2025,669461,?,season_2025,season_2025,season_2025,season_2025,season_2025,15,"sp_xera_gap,sp_xwoba_allowed_gap,sp_fip_gap,sp_siera_gap,sp_k_bb_pct_gap,sp_recent_form_gap,sp_hardhit_gap,sp_stamina_gap,team_wrcplus_gap,team_woba_gap,team_hardhit_gap,team_bbk_gap,bullpen_siera_gap,home_sp_luck,away_sp_luck",2026-03-20,0
831492,ATL,MIN,671737,?,season_2025,625643,?,season_2024,season_2025,season_2025,season_2025,season_2025,13,"sp_xera_gap,sp_xwoba_allowed_gap,sp_fip_gap,sp_siera_gap,sp_k_bb_pct_gap,sp_recent_form_gap,sp_hardhit_gap,sp_stamina_gap,team_wrcplus_gap,team_woba_gap,bullpen_siera_gap,home_sp_luck,away_sp_luck",2026-03-22,1
831493,PHI,NYY,701542,?,season_2025,605400,?,season_2025,season_2025,season_2025,season_2025,season_2025,13,"sp_xera_gap,sp_xwoba_allowed_gap,sp_fip_gap,sp_siera_gap,sp_k_bb_pct_gap,sp_recent_form_gap,sp_hardhit_gap,sp_stamina_gap,team_wrcplus_gap,team_woba_gap,bullpen_siera_gap,home_sp_luck,away_sp_luck",2026-03-22,1
831496,STL,HOU,664299,?,season_2025,700241,?,season_2025,season_2025,season_2025,season_2025,season_2025,13,"sp_xera_gap,sp_xwoba_allowed_gap,sp_fip_gap,sp_siera_gap,sp_k_bb_pct_gap,sp_recent_form_gap,sp_hardhit_gap,sp_stamina_gap,team_wrcplus_gap,team_woba_gap,bullpen_siera_gap,home_sp_luck,away_sp_luck",2026-03-22,0
831499,PHI,BAL,694370,?,league_prior,680743,?,league_prior,season_2025,season_2025,season_2025,season_2025,15,"sp_xera_gap,sp_xwoba_allowed_gap,sp_fip_gap,sp_siera_gap,sp_k_bb_pct_gap,sp_recent_form_gap,sp_hardhit_gap,sp_stamina_gap,team_wrcplus_gap,team_woba_gap,team_hardhit_gap,team_bbk_gap,bullpen_siera_gap,home_sp_luck,away_sp_luck",2026-03-21,1
831502,ATL,BOS,676979,?,season_2025,519242,?,season_2025,season_2025,season_2025,season_2025,season_2025,15,"sp_xera_gap,sp_xwoba_allowed_gap,sp_fip_gap,sp_siera_gap,sp_k_bb_pct_gap,sp_recent_form_gap,sp_hardhit_gap,sp_stamina_gap,team_wrcplus_gap,team_woba_gap,team_hardhit_gap,team_bbk_gap,bullpen_siera_gap,home_sp_luck,away_sp_luck",2026-03-21,0
831503,WSH,BAL,680694,?,season_2025,680730,?,season_2025,season_2025,season_2025,season_2025,season_2025,13,"sp_xera_gap,sp_xwoba_allowed_gap,sp_fip_gap,sp_siera_gap,sp_k_bb_pct_gap,sp_recent_form_gap,sp_hardhit_gap,sp_stamina_gap,team_wrcplus_gap,team_woba_gap,bullpen_siera_gap,home_sp_luck,away_sp_luck",2026-03-22,1
831505,MIA,HOU,686613,?,season_2025,691587,?,season_2025,season_2025,season_2025,season_2025,season_2025,15,"sp_xera_gap,sp_xwoba_allowed_gap,sp_fip_gap,sp_siera_gap,sp_k_bb_pct_gap,sp_recent_form_gap,sp_hardhit_gap,sp_stamina_gap,team_wrcplus_gap,team_woba_gap,team_hardhit_gap,team_bbk_gap,bullpen_siera_gap,home_sp_luck,away_sp_luck",2026-03-20,0
831545,TB,ATL,656550,?,season_2025,592155,?,season_2025,season_2025,season_2025,season_2025,season_2025,13,"sp_xera_gap,sp_xwoba_allowed_gap,sp_fip_gap,sp_siera_gap,sp_k_bb_pct_gap,sp_recent_form_gap,sp_hardhit_gap,sp_stamina_gap,team_wrcplus_gap,team_woba_gap,bullpen_siera_gap,home_sp_luck,away_sp_luck",2026-03-24,1
831546,BAL,WSH,676571,?,season_2025,669358,?,season_2025,season_2025,season_2025,season_2025,season_2025,13,"sp_xera_gap,sp_xwoba_allowed_gap,sp_fip_gap,sp_siera_gap,sp_k_bb_pct_gap,sp_recent_form_gap,sp_hardhit_gap,sp_stamina_gap,team_wrcplus_gap,team_woba_gap,bullpen_siera_gap,home_sp_luck,away_sp_luck",2026-03-23,0
831547,TB,PHI,666200,?,season_2025,571927,?,season_2025,season_2025,season_2025,season_2025,season_2025,13,"sp_xera_gap,sp_xwoba_allowed_gap,sp_fip_gap,sp_siera_gap,sp_k_bb_pct_gap,sp_recent_form_gap,sp_hardhit_gap,sp_stamina_gap,team_wrcplus_gap,team_woba_gap,bullpen_siera_gap,home_sp_luck,away_sp_luck",2026-03-23,0
831549,HOU,NYM,804636,?,season_2025,681347,?,season_2025,season_2025,season_2025,season_2025,season_2025,15,"sp_xera_gap,sp_xwoba_allowed_gap,sp_fip_gap,sp_siera_gap,sp_k_bb_pct_gap,sp_recent_form_gap,sp_hardhit_gap,sp_stamina_gap,team_wrcplus_gap,team_woba_gap,team_hardhit_gap,team_bbk_gap,bullpen_siera_gap,home_sp_luck,away_sp_luck",2026-03-21,0
831550,DET,PHI,650911,?,season_2025,669373,?,season_2025,season_2025,season_2025,season_2025,season_2025,15,"sp_xera_gap,sp_xwoba_allowed_gap,sp_fip_gap,sp_siera_gap,sp_k_bb_pct_gap,sp_recent_form_gap,sp_hardhit_gap,sp_stamina_gap,team_wrcplus_gap,team_woba_gap,team_hardhit_gap,team_bbk_gap,bullpen_siera_gap,home_sp_luck,away_sp_luck",2026-03-20,0
831552,BOS,PIT,656605,?,season_2025,543243,?,season_2025,season_2025,season_2025,season_2025,season_2025,13,"sp_xera_gap,sp_xwoba_allowed_gap,sp_fip_gap,sp_siera_gap,sp_k_bb_pct_gap,sp_recent_form_gap,sp_hardhit_gap,sp_stamina_gap,team_wrcplus_gap,team_woba_gap,bullpen_siera_gap,home_sp_luck,away_sp_luck",2026-03-22,0
831553,TOR,PIT,694973,?,season_2025,592332,?,season_2025,season_2025,season_2025,season_2025,season_2025,15,"sp_xera_gap,sp_xwoba_allowed_gap,sp_fip_gap,sp_siera_gap,sp_k_bb_pct_gap,sp_recent_form_gap,sp_hardhit_gap,sp_stamina_gap,team_wrcplus_gap,team_woba_gap,team_hardhit_gap,team_bbk_gap,bullpen_siera_gap,home_sp_luck,away_sp_luck",2026-03-21,1
831592,TB,TOR,656302,?,season_2025,607259,?,season_2025,season_2025,season_2025,season_2025,season_2025,13,"sp_xera_gap,sp_xwoba_allowed_gap,sp_fip_gap,sp_siera_gap,sp_k_bb_pct_gap,sp_recent_form_gap,sp_hardhit_gap,sp_stamina_gap,team_wrcplus_gap,team_woba_gap,bullpen_siera_gap,home_sp_luck,away_sp_luck",2026-03-22,1
831599,MIN,TB,691765,?,league_prior,657746,?,season_2025,season_2025,season_2025,season_2025,season_2025,15,"sp_xera_gap,sp_xwoba_allowed_gap,sp_fip_gap,sp_siera_gap,sp_k_bb_pct_gap,sp_recent_form_gap,sp_hardhit_gap,sp_stamina_gap,team_wrcplus_gap,team_woba_gap,team_hardhit_gap,team_bbk_gap,bullpen_siera_gap,home_sp_luck,away_sp_luck",2026-03-21,1
831601,NYY,DET,664285,?,season_2025,693645,?,season_2025,season_2025,season_2025,season_2025,season_2025,15,"sp_xera_gap,sp_xwoba_allowed_gap,sp_fip_gap,sp_siera_gap,sp_k_bb_pct_gap,sp_recent_form_gap,sp_hardhit_gap,sp_stamina_gap,team_wrcplus_gap,team_woba_gap,team_hardhit_gap,team_bbk_gap,bullpen_siera_gap,home_sp_luck,away_sp_luck",2026-03-21,1
831602,BOS,TB,663556,?,season_2023,687762,?,league_prior,season_2025,season_2025,season_2025,season_2025,15,"sp_xera_gap,sp_xwoba_allowed_gap,sp_fip_gap,sp_siera_gap,sp_k_bb_pct_gap,sp_recent_form_gap,sp_hardhit_gap,sp_stamina_gap,team_wrcplus_gap,team_woba_gap,team_hardhit_gap,team_bbk_gap,bullpen_siera_gap,home_sp_luck,away_sp_luck",2026-03-20,1
831603,BAL,NYY,661563,?,season_2025,621107,?,season_2025,season_2025,season_2025,season_2025,season_2025,15,"sp_xera_gap,sp_xwoba_allowed_gap,sp_fip_gap,sp_siera_gap,sp_k_bb_pct_gap,sp_recent_form_gap,sp_hardhit_gap,sp_stamina_gap,team_wrcplus_gap,team_woba_gap,team_hardhit_gap,team_bbk_gap,bullpen_siera_gap,home_sp_luck,away_sp_luck",2026-03-20,1
831604,TOR,MIN,680573,?,season_2025,453286,?,season_2025,season_2025,season_2025,season_2025,season_2025,15,"sp_xera_gap,sp_xwoba_allowed_gap,sp_fip_gap,sp_siera_gap,sp_k_bb_pct_gap,sp_recent_form_gap,sp_hardhit_gap,sp_stamina_gap,team_wrcplus_gap,team_woba_gap,team_hardhit_gap,team_bbk_gap,bullpen_siera_gap,home_sp_luck,away_sp_luck",2026-03-20,0
831734,TEX,AZ,669194,?,season_2025,596295,?,season_2025,season_2025,season_2025,season_2025,season_2025,15,"sp_xera_gap,sp_xwoba_allowed_gap,sp_fip_gap,sp_siera_gap,sp_k_bb_pct_gap,sp_recent_form_gap,sp_hardhit_gap,sp_stamina_gap,team_wrcplus_gap,team_woba_gap,team_hardhit_gap,team_bbk_gap,bullpen_siera_gap,home_sp_luck,away_sp_luck",2026-03-21,1
831735,SEA,SD,606996,?,season_2025,622491,?,season_2025,season_2025,season_2025,season_2025,season_2025,13,"sp_xera_gap,sp_xwoba_allowed_gap,sp_fip_gap,sp_siera_gap,sp_k_bb_pct_gap,sp_recent_form_gap,sp_hardhit_gap,sp_stamina_gap,team_wrcplus_gap,team_woba_gap,bullpen_siera_gap,home_sp_luck,away_sp_luck",2026-03-23,1
831743,SEA,CLE,671106,?,season_2025,682077,?,league_prior,season_2025,season_2025,season_2025,season_2025,15,"sp_xera_gap,sp_xwoba_allowed_gap,sp_fip_gap,sp_siera_gap,sp_k_bb_pct_gap,sp_recent_form_gap,sp_hardhit_gap,sp_stamina_gap,team_wrcplus_gap,team_woba_gap,team_hardhit_gap,team_bbk_gap,bullpen_siera_gap,home_sp_luck,away_sp_luck",2026-03-20,0
831746,SEA,CWS,680732,?,season_2025,693433,?,season_2025,season_2025,season_2025,season_2025,season_2025,13,"sp_xera_gap,sp_xwoba_allowed_gap,sp_fip_gap,sp_siera_gap,sp_k_bb_pct_gap,sp_recent_form_gap,sp_hardhit_gap,sp_stamina_gap,team_wrcplus_gap,team_woba_gap,bullpen_siera_gap,home_sp_luck,away_sp_luck",2026-03-22,0
831749,SF,TEX,543135,?,season_2025,702352,?,season_2025,season_2025,season_2025,season_2025,season_2025,15,"sp_xera_gap,sp_xwoba_allowed_gap,sp_fip_gap,sp_siera_gap,sp_k_bb_pct_gap,sp_recent_form_gap,sp_hardhit_gap,sp_stamina_gap,team_wrcplus_gap,team_woba_gap,team_hardhit_gap,team_bbk_gap,bullpen_siera_gap,home_sp_luck,away_sp_luck",2026-03-20,1
831766,SD,LAD,808967,?,season_2025,594835,?,season_2024,season_2025,season_2025,season_2025,season_2025,15,"sp_xera_gap,sp_xwoba_allowed_gap,sp_fip_gap,sp_siera_gap,sp_k_bb_pct_gap,sp_recent_form_gap,sp_hardhit_gap,sp_stamina_gap,team_wrcplus_gap,team_woba_gap,team_hardhit_gap,team_bbk_gap,bullpen_siera_gap,home_sp_luck,away_sp_luck",2026-03-20,1
831767,SD,MIL,688107,?,season_2024,681190,?,season_2025,season_2025,season_2025,season_2025,season_2025,15,"sp_xera_gap,sp_xwoba_allowed_gap,sp_fip_gap,sp_siera_gap,sp_k_bb_pct_gap,sp_recent_form_gap,sp_hardhit_gap,sp_stamina_gap,team_wrcplus_gap,team_woba_gap,team_hardhit_gap,team_bbk_gap,bullpen_siera_gap,home_sp_luck,away_sp_luck",2026-03-21,1
831779,NYY,CHC,665795,?,season_2025,543037,?,season_2024,season_2025,season_2025,season_2025,season_2025,13,"sp_xera_gap,sp_xwoba_allowed_gap,sp_fip_gap,sp_siera_gap,sp_k_bb_pct_gap,sp_recent_form_gap,sp_hardhit_gap,sp_stamina_gap,team_wrcplus_gap,team_woba_gap,bullpen_siera_gap,home_sp_luck,away_sp_luck",2026-03-24,0
831780,NYY,CHC,684007,?,season_2025,801739,?,league_prior,season_2025,season_2025,season_2025,season_2025,13,"sp_xera_gap,sp_xwoba_allowed_gap,sp_fip_gap,sp_siera_gap,sp_k_bb_pct_gap,sp_recent_form_gap,sp_hardhit_gap,sp_stamina_gap,team_wrcplus_gap,team_woba_gap,bullpen_siera_gap,home_sp_luck,away_sp_luck",2026-03-23,1
831789,MIL,CHC,690990,?,season_2025,694477,?,season_2025,season_2025,season_2025,season_2025,season_2025,13,"sp_xera_gap,sp_xwoba_allowed_gap,sp_fip_gap,sp_siera_gap,sp_k_bb_pct_gap,sp_recent_form_gap,sp_hardhit_gap,sp_stamina_gap,team_wrcplus_gap,team_woba_gap,bullpen_siera_gap,home_sp_luck,away_sp_luck",2026-03-22,1
831796,MIL,AZ,668678,?,season_2025,694819,?,season_2025,season_2025,season_2025,season_2025,season_2025,15,"sp_xera_gap,sp_xwoba_allowed_gap,sp_fip_gap,sp_siera_gap,sp_k_bb_pct_gap,sp_recent_form_gap,sp_hardhit_gap,sp_stamina_gap,team_wrcplus_gap,team_woba_gap,team_hardhit_gap,team_bbk_gap,bullpen_siera_gap,home_sp_luck,away_sp_luck",2026-03-20,1
831804,LAD,LAA,691946,?,league_prior,607192,?,season_2025,season_2025,season_2025,season_2025,season_2025,15,"sp_xera_gap,sp_xwoba_allowed_gap,sp_fip_gap,sp_siera_gap,sp_k_bb_pct_gap,sp_recent_form_gap,sp_hardhit_gap,sp_stamina_gap,team_wrcplus_gap,team_woba_gap,team_hardhit_gap,team_bbk_gap,bullpen_siera_gap,home_sp_luck,away_sp_luck",2026-03-22,0
831820,LAA,LAD,660271,?,season_2025,686799,?,season_2025,season_2025,season_2025,season_2025,season_2025,13,"sp_xera_gap,sp_xwoba_allowed_gap,sp_fip_gap,sp_siera_gap,sp_k_bb_pct_gap,sp_recent_form_gap,sp_hardhit_gap,sp_stamina_gap,team_wrcplus_gap,team_woba_gap,bullpen_siera_gap,home_sp_luck,away_sp_luck",2026-03-24,0
831821,LAA,LAD,691947,?,league_prior,672282,?,season_2025,season_2025,season_2025,season_2025,season_2025,13,"sp_xera_gap,sp_xwoba_allowed_gap,sp_fip_gap,sp_siera_gap,sp_k_bb_pct_gap,sp_recent_form_gap,sp_hardhit_gap,sp_stamina_gap,team_wrcplus_gap,team_woba_gap,bullpen_siera_gap,home_sp_luck,away_sp_luck",2026-03-23,0
831835,KC,SF,605288,?,season_2025,686701,?,season_2025,season_2025,season_2025,season_2025,season_2025,15,"sp_xera_gap,sp_xwoba_allowed_gap,sp_fip_gap,sp_siera_gap,sp_k_bb_pct_gap,sp_recent_form_gap,sp_hardhit_gap,sp_stamina_gap,team_wrcplus_gap,team_woba_gap,team_hardhit_gap,team_bbk_gap,bullpen_siera_gap,home_sp_luck,away_sp_luck",2026-03-20,1
831837,KC,TEX,683004,?,season_2025,607625,?,season_2025,season_2025,season_2025,season_2025,season_2025,13,"sp_xera_gap,sp_xwoba_allowed_gap,sp_fip_gap,sp_siera_gap,sp_k_bb_pct_gap,sp_recent_form_gap,sp_hardhit_gap,sp_stamina_gap,team_wrcplus_gap,team_woba_gap,bullpen_siera_gap,home_sp_luck,away_sp_luck",2026-03-24,1
831838,KC,TEX,669022,?,season_2025,608379,?,season_2025,season_2025,season_2025,season_2025,season_2025,13,"sp_xera_gap,sp_xwoba_allowed_gap,sp_fip_gap,sp_siera_gap,sp_k_bb_pct_gap,sp_recent_form_gap,sp_hardhit_gap,sp_stamina_gap,team_wrcplus_gap,team_woba_gap,bullpen_siera_gap,home_sp_luck,away_sp_luck",2026-03-23,1
831856,DET,COL,608372,?,season_2025,434378,?,season_2025,season_2025,season_2025,season_2025,season_2025,13,"sp_xera_gap,sp_xwoba_allowed_gap,sp_fip_gap,sp_siera_gap,sp_k_bb_pct_gap,sp_recent_form_gap,sp_hardhit_gap,sp_stamina_gap,team_wrcplus_gap,team_woba_gap,bullpen_siera_gap,home_sp_luck,away_sp_luck",2026-03-24,0
831857,DET,COL,663372,?,season_2025,656427,?,season_2025,season_2025,season_2025,season_2025,season_2025,13,"sp_xera_gap,sp_xwoba_allowed_gap,sp_fip_gap,sp_siera_gap,sp_k_bb_pct_gap,sp_recent_form_gap,sp_hardhit_gap,sp_stamina_gap,team_wrcplus_gap,team_woba_gap,bullpen_siera_gap,home_sp_luck,away_sp_luck",2026-03-23,1
831864,COL,SD,601713,?,season_2025,675848,?,season_2025,season_2025,season_2025,season_2025,season_2025,15,"sp_xera_gap,sp_xwoba_allowed_gap,sp_fip_gap,sp_siera_gap,sp_k_bb_pct_gap,sp_recent_form_gap,sp_hardhit_gap,sp_stamina_gap,team_wrcplus_gap,team_woba_gap,team_hardhit_gap,team_bbk_gap,bullpen_siera_gap,home_sp_luck,away_sp_luck",2026-03-20,0
831868,COL,KC,666142,?,season_2025,607536,?,season_2025,season_2025,season_2025,season_2025,season_2025,15,"sp_xera_gap,sp_xwoba_allowed_gap,sp_fip_gap,sp_siera_gap,sp_k_bb_pct_gap,sp_recent_form_gap,sp_hardhit_gap,sp_stamina_gap,team_wrcplus_gap,team_woba_gap,team_hardhit_gap,team_bbk_gap,bullpen_siera_gap,home_sp_luck,away_sp_luck",2026-03-21,1
831873,CLE,SF,592662,?,season_2025,676440,?,season_2025,season_2025,season_2025,season_2025,season_2025,15,"sp_xera_gap,sp_xwoba_allowed_gap,sp_fip_gap,sp_siera_gap,sp_k_bb_pct_gap,sp_recent_form_gap,sp_hardhit_gap,sp_stamina_gap,team_wrcplus_gap,team_woba_gap,team_hardhit_gap,team_bbk_gap,bullpen_siera_gap,home_sp_luck,away_sp_luck",2026-03-21,1
831885,CLE,AZ,518876,?,season_2025,677944,?,season_2025,season_2025,season_2025,season_2025,season_2025,13,"sp_xera_gap,sp_xwoba_allowed_gap,sp_fip_gap,sp_siera_gap,sp_k_bb_pct_gap,sp_recent_form_gap,sp_hardhit_gap,sp_stamina_gap,team_wrcplus_gap,team_woba_gap,bullpen_siera_gap,home_sp_luck,away_sp_luck",2026-03-23,0
831887,CLE,AZ,647336,?,season_2025,800048,?,season_2025,season_2025,season_2025,season_2025,season_2025,13,"sp_xera_gap,sp_xwoba_allowed_gap,sp_fip_gap,sp_siera_gap,sp_k_bb_pct_gap,sp_recent_form_gap,sp_hardhit_gap,sp_stamina_gap,team_wrcplus_gap,team_woba_gap,bullpen_siera_gap,home_sp_luck,away_sp_luck",2026-03-24,0
831896,CIN,CLE,668909,?,season_2025,802372,?,league_prior,season_2025,season_2025,season_2025,season_2025,13,"sp_xera_gap,sp_xwoba_allowed_gap,sp_fip_gap,sp_siera_gap,sp_k_bb_pct_gap,sp_recent_form_gap,sp_hardhit_gap,sp_stamina_gap,team_wrcplus_gap,team_woba_gap,bullpen_siera_gap,home_sp_luck,away_sp_luck",2026-03-22,1
831902,CIN,CHC,571510,?,season_2025,682227,?,season_2024,season_2025,season_2025,season_2025,season_2025,15,"sp_xera_gap,sp_xwoba_allowed_gap,sp_fip_gap,sp_siera_gap,sp_k_bb_pct_gap,sp_recent_form_gap,sp_hardhit_gap,sp_stamina_gap,team_wrcplus_gap,team_woba_gap,team_hardhit_gap,team_bbk_gap,bullpen_siera_gap,home_sp_luck,away_sp_luck",2026-03-20,0
831910,CWS,LAA,667755,?,season_2025,681343,?,season_2025,season_2025,season_2025,season_2025,season_2025,15,"sp_xera_gap,sp_xwoba_allowed_gap,sp_fip_gap,sp_siera_gap,sp_k_bb_pct_gap,sp_recent_form_gap,sp_hardhit_gap,sp_stamina_gap,team_wrcplus_gap,team_woba_gap,team_hardhit_gap,team_bbk_gap,bullpen_siera_gap,home_sp_luck,away_sp_luck",2026-03-20,1
831915,CWS,ATH,806960,?,season_2025,641743,?,season_2023,season_2025,season_2025,season_2025,season_2025,13,"sp_xera_gap,sp_xwoba_allowed_gap,sp_fip_gap,sp_siera_gap,sp_k_bb_pct_gap,sp_recent_form_gap,sp_hardhit_gap,sp_stamina_gap,team_wrcplus_gap,team_woba_gap,bullpen_siera_gap,home_sp_luck,away_sp_luck",2026-03-23,1
831916,CWS,CIN,671096,?,season_2025,699151,?,league_prior,season_2025,season_2025,season_2025,season_2025,15,"sp_xera_gap,sp_xwoba_allowed_gap,sp_fip_gap,sp_siera_gap,sp_k_bb_pct_gap,sp_recent_form_gap,sp_hardhit_gap,sp_stamina_gap,team_wrcplus_gap,team_woba_gap,team_hardhit_gap,team_bbk_gap,bullpen_siera_gap,home_sp_luck,away_sp_luck",2026-03-21,1
831923,CHC,SEA,669923,?,season_2025,607067,?,season_2025,season_2025,season_2025,season_2025,season_2025,13,"sp_xera_gap,sp_xwoba_allowed_gap,sp_fip_gap,sp_siera_gap,sp_k_bb_pct_gap,sp_recent_form_gap,sp_hardhit_gap,sp_stamina_gap,team_wrcplus_gap,team_woba_gap,bullpen_siera_gap,home_sp_luck,away_sp_luck",2026-03-21,0
831931,CHC,ATH,622663,?,season_2025,592791,?,season_2025,season_2025,season_2025,season_2025,season_2025,15,"sp_xera_gap,sp_xwoba_allowed_gap,sp_fip_gap,sp_siera_gap,sp_k_bb_pct_gap,sp_recent_form_gap,sp_hardhit_gap,sp_stamina_gap,team_wrcplus_gap,team_woba_gap,team_hardhit_gap,team_bbk_gap,bullpen_siera_gap,home_sp_luck,away_sp_luck",2026-03-20,1
831937,ATH,LAD,686218,?,season_2025,682052,?,season_2025,season_2025,season_2025,season_2025,season_2025,15,"sp_xera_gap,sp_xwoba_allowed_gap,sp_fip_gap,sp_siera_gap,sp_k_bb_pct_gap,sp_recent_form_gap,sp_hardhit_gap,sp_stamina_gap,team_wrcplus_gap,team_woba_gap,team_hardhit_gap,team_bbk_gap,bullpen_siera_gap,home_sp_luck,away_sp_luck",2026-03-21,0
831945,ATH,COL,547179,?,season_2025,605488,?,season_2025,season_2025,season_2025,season_2025,season_2025,13,"sp_xera_gap,sp_xwoba_allowed_gap,sp_fip_gap,sp_siera_gap,sp_k_bb_pct_gap,sp_recent_form_gap,sp_hardhit_gap,sp_stamina_gap,team_wrcplus_gap,team_woba_gap,bullpen_siera_gap,home_sp_luck,away_sp_luck",2026-03-22,1
831947,AZ,SD,621111,?,season_2025,595928,?,season_2025,season_2025,season_2025,season_2025,season_2025,13,"sp_xera_gap,sp_xwoba_allowed_gap,sp_fip_gap,sp_siera_gap,sp_k_bb_pct_gap,sp_recent_form_gap,sp_hardhit_gap,sp_stamina_gap,team_wrcplus_gap,team_woba_gap,bullpen_siera_gap,home_sp_luck,away_sp_luck",2026-03-22,0
832036,MIN,BOS,670912,?,season_2025,641927,?,season_2025,season_2025,season_2025,season_2025,season_2025,13,"sp_xera_gap,sp_xwoba_allowed_gap,sp_fip_gap,sp_siera_gap,sp_k_bb_pct_gap,sp_recent_form_gap,sp_hardhit_gap,sp_stamina_gap,team_wrcplus_gap,team_woba_gap,bullpen_siera_gap,home_sp_luck,away_sp_luck",2026-03-23,0
832037,BOS,MIN,687849,?,season_2025,624133,?,season_2025,season_2025,season_2025,season_2025,season_2025,13,"sp_xera_gap,sp_xwoba_allowed_gap,sp_fip_gap,sp_siera_gap,sp_k_bb_pct_gap,sp_recent_form_gap,sp_hardhit_gap,sp_stamina_gap,team_wrcplus_gap,team_woba_gap,bullpen_siera_gap,home_sp_luck,away_sp_luck",2026-03-24,1
832077,CIN,MIL,687075,?,season_2025,695505,?,season_2025,season_2025,season_2025,season_2025,season_2025,13,"sp_xera_gap,sp_xwoba_allowed_gap,sp_fip_gap,sp_siera_gap,sp_k_bb_pct_gap,sp_recent_form_gap,sp_hardhit_gap,sp_stamina_gap,team_wrcplus_gap,team_woba_gap,bullpen_siera_gap,home_sp_luck,away_sp_luck",2026-03-24,1
832078,CIN,MIL,676879,?,season_2025,663903,?,season_2025,season_2025,season_2025,season_2025,season_2025,13,"sp_xera_gap,sp_xwoba_allowed_gap,sp_fip_gap,sp_siera_gap,sp_k_bb_pct_gap,sp_recent_form_gap,sp_hardhit_gap,sp_stamina_gap,team_wrcplus_gap,team_woba_gap,bullpen_siera_gap,home_sp_luck,away_sp_luck",2026-03-23,1
